entry_idx,exit_idx,direction,entry,exit,stop,target,size,pnl,win,result,mae,adx_at_entry,atr_at_entry,fractal_bar,fractal_label,timestamp,entry_ts,frk_kind,h1,h3,h6,adx_fr
13,175,short,1.269,1.26548,1.2725199999999999,1.26548,284090.9090909117,971.5909090909087,True,TP,0.003250000000000197,72.27149512704703,0.0006644868602805687,11,H,2024-12-02 14:40:00+00:00,2024-12-02 01:10:00+00:00,H,10.200000000000209,11.450000000000626,11.450000000000626,76.77945500978838
190,242,short,1.26277,1.26602,1.26592,1.25962,320544.73304473446,-1073.8248556998526,False,SL,0.004020000000000135,51.175618188491654,0.0009248111025710344,188,H,2024-12-02 20:15:00+00:00,2024-12-02 15:55:00+00:00,H,6.200000000000649,32.13333333333364,30.16666666666704,50.64169197492089
271,388,short,1.26543,1.269,1.2689,1.2619600000000002,287889.81571583584,-1056.5556236770747,False,SL,0.003469999999999862,12.553743980796945,0.0008394019622567592,269,H,2024-12-03 08:25:00+00:00,2024-12-02 22:40:00+00:00,H,14.000000000000679,25.99999999999936,19.466666666666153,14.066293859198083
406,442,short,1.26772,1.26423,1.27121,1.26423,283212.63733442454,960.0908405636972,True,TP,0.0006800000000000139,29.095991454819828,0.000692991046585384,404,H,2024-12-03 12:55:00+00:00,2024-12-03 09:55:00+00:00,H,23.100000000000342,32.1333333333329,25.516666666666563,33.46430929291965
443,502,short,1.26468,1.26894,1.26884,1.26052,239906.97420740165,-1045.9944075442545,False,SL,0.004569999999999963,22.239218048967516,0.0006856755228048456,441,H,2024-12-03 17:55:00+00:00,2024-12-03 13:00:00+00:00,H,13.400000000001189,15.833333333333437,13.43333333333289,20.785059189997728
587,657,short,1.26613,1.27002,1.26992,1.26234,260568.09198610674,-1039.6666870245526,False,SL,0.003989999999999938,21.744561840352244,0.0004493172305606632,585,H,2024-12-04 06:50:00+00:00,2024-12-04 01:00:00+00:00,H,7.200000000000539,10.300000000000864,11.216666666667615,20.485215344901388
662,683,short,1.26904,1.26524,1.27284,1.26524,257146.4215150216,951.4417596055864,True,TP,0.00046999999999997044,40.63405812323497,0.0005238804041601925,660,H,2024-12-04 09:00:00+00:00,2024-12-04 07:15:00+00:00,H,47.40000000000188,47.20000000000132,27.016666666667504,44.832129014333816
725,760,short,1.26707,1.27111,1.27101,1.2631299999999999,250424.0658256677,-1036.7556325182752,False,SL,0.004130000000000189,13.813255349603418,0.0007244299005649524,723,H,2024-12-04 15:25:00+00:00,2024-12-04 12:30:00+00:00,H,9.100000000001884,9.333333333334526,15.816666666667777,14.9186396020674
874,958,short,1.26973,1.2731999999999999,1.2731,1.2663600000000002,289704.2323525218,-1034.2441094984629,False,SL,0.003390000000000004,13.141852764804394,0.00046930057536928647,872,H,2024-12-05 07:55:00+00:00,2024-12-05 00:55:00+00:00,H,8.999999999999009,11.499999999999105,8.99999999999975,14.481442829741502
981,1033,short,1.2718,1.2760299999999998,1.2759299999999998,1.2676700000000003,233888.81886998465,-1012.7385857069713,False,SL,0.0041599999999999415,23.652284937621886,0.0006682105896328413,979,H,2024-12-05 14:10:00+00:00,2024-12-05 09:50:00+00:00,H,17.299999999997873,23.76666666666472,18.466666666665517,26.84629111751197
1159,1313,short,1.27545,1.2788099999999998,1.2787099999999998,1.2721900000000002,293200.44051409827,-1014.4735241787236,False,SL,0.005249999999999977,24.108005409999667,0.0004418964192345718,1157,H,2024-12-06 13:30:00+00:00,2024-12-06 00:40:00+00:00,H,6.099999999999994,8.033333333333411,7.183333333333024,21.9739237986987
1331,1414,short,1.27494,1.26989,1.27999,1.26989,187265.0892740832,926.9621919067117,True,TP,0.0006300000000001305,25.49089871725987,0.0011284107135898778,1329,H,2024-12-06 21:55:00+00:00,2024-12-06 15:00:00+00:00,H,16.899999999999693,20.299999999999763,32.683333333332804,24.430725696329837
1440,1547,short,1.27437,1.2776999999999998,1.2775999999999998,1.2711400000000002,295652.73150254897,-1014.0888690536937,False,SL,0.003330000000000055,61.86458844151876,0.000548678370920274,1438,H,2024-12-09 09:20:00+00:00,2024-12-09 00:25:00+00:00,H,4.299999999999304,6.433333333332551,7.016666666666744,61.892497844805256
1635,1680,short,1.27829,1.27431,1.2822699999999998,1.27431,237391.31509112573,921.0783025535376,True,TP,0.0003500000000000725,25.090278143954762,0.0006470540998573782,1633,H,2024-12-09 20:25:00+00:00,2024-12-09 16:40:00+00:00,H,29.999999999998916,34.03333333333277,24.366666666666422,26.833278332061347
1689,2275,short,1.27474,1.2711700000000001,1.2783099999999998,1.2711700000000001,267234.79470258416,927.3047376179272,True,TP,0.003409999999999913,35.89728399053217,0.0004946650504503439,1687,H,2024-12-11 22:00:00+00:00,2024-12-09 21:10:00+00:00,H,12.099999999999334,12.166666666666437,12.449999999999406,39.06497508872179
2307,2444,short,1.27649,1.2731,1.27988,1.2731,284159.6650337356,934.8852979609915,True,TP,0.0023000000000001908,24.303330480885855,0.0005078895890279774,2305,H,2024-12-12 12:05:00+00:00,2024-12-12 00:40:00+00:00,H,25.800000000000267,21.600000000000136,22.35000000000061,26.693595972243045
2451,2472,short,1.27316,1.2700200000000001,1.2763,1.2700200000000001,309761.18389936286,941.6739990540384,True,TP,0.0011999999999998678,39.21666875019577,0.0006198995789598881,2449,H,2024-12-12 14:25:00+00:00,2024-12-12 12:40:00+00:00,H,7.300000000001194,13.533333333333175,14.366666666666047,37.8513830300263
2481,2671,short,1.26996,1.26332,1.2766,1.26332,147901.63515580093,967.276693918935,True,TP,0.0020400000000000418,30.73801522602382,0.0011506385577226776,2479,H,2024-12-13 07:00:00+00:00,2024-12-12 15:10:00+00:00,H,36.89999999999971,35.766666666665614,25.366666666665946,29.420221648711838
2676,2832,short,1.26267,1.25821,1.2671299999999999,1.25821,222363.14447841365,969.5033099258633,True,TP,0.0041400000000000325,38.24244719142526,0.0006686033975261911,2674,H,2024-12-13 21:55:00+00:00,2024-12-13 07:25:00+00:00,H,11.300000000000754,19.766666666666634,14.433333333333147,34.30753284305901
2840,2961,short,1.26144,1.2648799999999998,1.2647799999999998,1.2581,299830.7357703573,-1061.4008046270312,False,SL,0.0035600000000000076,39.70104061605093,0.0006817937264430644,2838,H,2024-12-16 08:50:00+00:00,2024-12-15 22:45:00+00:00,H,79.39999999999836,58.333333333332085,31.333333333332472,37.00613116881731
3058,3348,short,1.26875,1.2727099999999998,1.2726099999999998,1.2648900000000003,256689.2874162581,-1042.1585069099415,False,SL,0.004089999999999927,28.835035673933003,0.0007978488074672375,3056,H,2024-12-17 17:05:00+00:00,2024-12-16 16:55:00+00:00,H,14.499999999999513,32.600000000000406,41.083333333333805,32.23934044561074
3359,3407,short,1.27166,1.2676200000000002,1.2756999999999998,1.2676200000000002,242673.0357320883,956.1317607843846,True,TP,0.0011600000000000499,29.76980834385025,0.0006843781722417019,3357,H,2024-12-17 22:00:00+00:00,2024-12-17 18:00:00+00:00,H,18.000000000000238,21.600000000000136,17.71666666666653,29.77836945858348
3414,3659,short,1.2712,1.2678000000000003,1.2746,1.2678000000000003,291164.8182251416,960.843900142923,True,TP,0.0010999999999998789,33.26959715218117,0.000802332289025338,3412,H,2024-12-18 19:00:00+00:00,2024-12-17 22:35:00+00:00,H,41.999999999999815,42.76666666666633,27.766666666666495,30.8251125258229
3665,3668,short,1.264,1.26038,1.26762,1.26038,276123.98369250784,971.9564225976156,True,TP,0.00011999999999989797,44.039007011503664,0.0012076766665653986,3663,H,2024-12-18 19:45:00+00:00,2024-12-18 19:30:00+00:00,H,35.799999999999166,33.13333333333279,21.3166666666668,41.26810688087289
3682,3816,short,1.25757,1.2618999999999998,1.2617999999999998,1.2533400000000003,238602.4551283466,-1057.0088762185092,False,SL,0.004689999999999861,54.326666114494294,0.0014163122093444676,3680,H,2024-12-19 08:05:00+00:00,2024-12-18 20:55:00+00:00,H,26.399999999999757,64.83333333333395,48.98333333333338,57.741918825290924
3874,3897,short,1.26134,1.2575699999999999,1.26511,1.2575699999999999,264912.0149683406,972.2270949338234,True,TP,0.0007300000000001194,40.35460996108564,0.0010439478758566818,3872,H,2024-12-19 14:50:00+00:00,2024-12-19 12:55:00+00:00,H,28.099999999999792,47.63333333333305,30.049999999999244,42.71094873074997
3903,3922,short,1.25727,1.2530400000000004,1.2614999999999998,1.2530400000000004,238402.02538535677,984.6003648414601,True,TP,0.00043999999999999595,36.80270150267895,0.0010147174505020888,3901,H,2024-12-19 16:55:00+00:00,2024-12-19 15:20:00+00:00,H,16.199999999999548,21.66666666666724,24.183333333333746,35.94905554417021
3941,4019,short,1.25179,1.24844,1.25514,1.24844,303966.1406054989,987.8899569678606,True,TP,0.0013199999999999878,54.26777462099879,0.000795921154818676,3939,H,2024-12-20 01:00:00+00:00,2024-12-19 18:30:00+00:00,H,18.400000000000638,43.46666666666647,40.0666666666664,56.25576124409303
4024,4165,short,1.24915,1.25257,1.25247,1.24583,309688.3947584615,-1090.103149549778,False,SL,0.0036800000000001276,17.99297983670331,0.00048688294163399203,4022,H,2024-12-20 13:10:00+00:00,2024-12-20 01:25:00+00:00,H,10.700000000001264,7.933333333334236,7.03333333333389,19.400386208550998
4223,4266,short,1.26028,1.2564600000000001,1.2641,1.2564600000000001,266299.59138811746,990.6344799637795,True,TP,0.0005599999999998939,47.53301140145327,0.0008737525639318483,4221,H,2024-12-20 21:35:00+00:00,2024-12-20 18:00:00+00:00,H,15.100000000001224,37.400000000000766,36.20000000000031,48.52000651473424
4282,4430,short,1.25677,1.25321,1.26033,1.25321,288531.11907365924,998.3176719948631,True,TP,0.0020299999999999763,60.506381867577105,0.0008056659389225968,4280,H,2024-12-23 11:35:00+00:00,2024-12-22 23:15:00+00:00,H,10.099999999999554,32.399999999999096,48.833333333332405,60.3345673197926
4437,4746,short,1.25255,1.2566099999999998,1.2565099999999998,1.2485900000000003,261907.56581369834,-1089.5354737849145,False,SL,0.004249999999999865,48.36990278132503,0.0006480187456196827,4435,H,2024-12-24 13:55:00+00:00,2024-12-23 12:10:00+00:00,H,3.5000000000007248,20.83333333333437,18.98333333333409,47.90803468404218
4766,4952,short,1.25426,1.2588,1.2587,1.24982,231139.32564962356,-1072.4864710142506,False,SL,0.0055400000000001,28.405079337967575,0.0006813279245987529,4764,H,2024-12-25 07:35:00+00:00,2024-12-24 15:35:00+00:00,H,8.00000000000134,13.333333333334826,13.500000000000734,27.013108667508458
4990,5182,short,1.255,1.2516999999999998,1.2583,1.2516999999999998,307737.4973255034,984.7599914416356,True,TP,0.0009000000000001229,42.36556009938891,0.02327093391372635,4988,H,2024-12-26 12:20:00+00:00,2024-12-25 20:15:00+00:00,H,223.9000000000013,720.666666666668,999.9333333333346,42.21291828872804
5191,5459,short,1.25188,1.2552599999999998,1.2551599999999998,1.2486000000000004,312616.26252703887,-1087.9045935940067,False,SL,0.0033199999999999896,33.76166701852042,0.00038502648927497964,5189,H,2024-12-27 11:25:00+00:00,2024-12-26 13:05:00+00:00,H,8.599999999998609,11.533333333333395,8.266666666667533,34.89697991159761
5477,5512,short,1.25544,1.2591999999999999,1.2590999999999999,1.25178,277186.41944061837,-1069.939579040783,False,SL,0.0038000000000000256,41.48731808126272,0.0006108291663740371,5475,H,2024-12-27 15:50:00+00:00,2024-12-27 12:55:00+00:00,H,8.999999999999009,14.299999999999685,19.500000000000075,43.569360435760544
5587,5787,short,1.25728,1.25366,1.2609,1.25366,277293.6186083609,976.0735375014183,True,TP,0.0034600000000000186,22.47426898474361,0.00046638186063516186,5585,H,2024-12-30 15:20:00+00:00,2024-12-29 22:05:00+00:00,H,2.9999999999996696,4.666666666666153,9.833333333332623,18.755947296346545
5800,5983,short,1.2511,1.2563099999999998,1.2562099999999998,1.2459900000000004,198349.04789380098,-1053.2334443160266,False,SL,0.00529999999999986,43.125874835329874,0.0009913198668434365,5798,H,2024-12-31 07:40:00+00:00,2024-12-30 16:25:00+00:00,H,6.900000000000794,18.599999999999728,25.499999999999783,45.38529509384811
6000,6095,short,1.25477,1.25108,1.25846,1.25108,271824.20062171173,975.8488802319372,True,TP,0.0021500000000000963,15.613048742062858,0.0006051302246897976,5998,H,2024-12-31 17:00:00+00:00,2024-12-31 09:05:00+00:00,H,13.600000000000279,14.200000000000509,17.000000000000345,17.072362443711253
6108,6271,short,1.25151,1.24762,1.2553999999999998,1.24762,260357.27226129588,986.7540618702982,True,TP,0.0025900000000000922,13.217211688516972,0.0007295437177855024,6106,H,2025-01-02 10:30:00+00:00,2024-12-31 22:00:00+00:00,H,20.000000000000018,18.733333333333935,16.78333333333337,14.865039148133771
6310,6337,short,1.2404,1.23646,1.24434,1.23646,259557.6978972377,996.701559925407,True,TP,0.0007200000000000539,58.4702860922519,0.0009349564878326318,6308,H,2025-01-02 16:00:00+00:00,2025-01-02 13:45:00+00:00,H,16.60000000000217,45.333333333335,31.816666666667867,58.243873161983636
6343,6544,short,1.23692,1.2408599999999999,1.2407599999999999,1.2330800000000002,268912.589925632,-1086.4068632995084,False,SL,0.0038799999999998835,39.59831273688497,0.0010171235285926364,6341,H,2025-01-03 09:15:00+00:00,2025-01-02 16:30:00+00:00,H,25.599999999998957,24.49999999999989,18.49999999999981,40.495394363341916
6586,6743,short,1.24105,1.2443399999999998,1.2442399999999998,1.2378600000000002,320301.0271728691,-1085.8204821159597,False,SL,0.0032000000000000917,11.053316003127112,0.0005653525857315627,6584,H,2025-01-06 02:10:00+00:00,2025-01-03 12:45:00+00:00,H,10.699999999999044,13.133333333333516,14.866666666667475,12.61154950622926
6755,6817,short,1.2437,1.24717,1.24707,1.2403300000000002,299970.94120482734,-1070.8962601011922,False,SL,0.003530000000000033,11.009587913570197,0.0003594765963423064,6753,H,2025-01-06 08:20:00+00:00,2025-01-06 03:10:00+00:00,H,5.9000000000009045,11.700000000001154,13.966666666667125,11.746087779989049
7023,7074,short,1.25093,1.2542499999999999,1.2541499999999999,1.2477100000000003,310618.97803083446,-1062.3169048653817,False,SL,0.003369999999999873,21.55558057525792,0.0004565440471980388,7021,H,2025-01-07 05:45:00+00:00,2025-01-07 01:30:00+00:00,H,4.500000000000615,5.9000000000009045,7.683333333334079,23.205124221549013
7123,7185,short,1.25612,1.25219,1.26005,1.25219,251798.96697469903,964.3900435130945,True,TP,0.0007800000000000029,28.671247522281455,0.000685894559063054,7121,H,2025-01-07 15:00:00+00:00,2025-01-07 09:50:00+00:00,H,11.600000000000499,24.633333333334104,24.583333333333773,29.679622280499014
7187,7426,short,1.24965,1.2429299999999999,1.25637,1.2429299999999999,148692.53581037003,984.3445870646584,True,TP,0.0012000000000000899,31.117560470077468,0.0009286711074926084,7185,H,2025-01-08 11:05:00+00:00,2025-01-07 15:10:00+00:00,H,0.700000000000145,5.933333333332976,9.933333333332905,25.26969824050637
7437,7655,short,1.23594,1.2309200000000002,1.2409599999999998,1.2309200000000002,201007.42759290469,988.9565437570513,True,TP,0.0017700000000000493,47.29520425756841,0.001458922429097967,7435,H,2025-01-09 06:10:00+00:00,2025-01-08 12:00:00+00:00,H,55.600000000000094,65.23333333333437,37.683333333334105,48.250322196967254
7691,7743,short,1.22794,1.23227,1.23217,1.22371,240885.78060376432,-1067.1240080746627,False,SL,0.004369999999999985,47.35034750483849,0.0010877900148318707,7689,H,2025-01-09 13:30:00+00:00,2025-01-09 09:10:00+00:00,H,19.200000000001438,32.29999999999992,46.18333333333354,50.59230068918582
7769,8031,short,1.22957,1.2247900000000003,1.2343499999999998,1.2247900000000003,210936.3204755672,987.1819798256089,True,TP,0.00262999999999991,10.177385588062572,0.0008576341574327125,7767,H,2025-01-10 13:30:00+00:00,2025-01-09 15:40:00+00:00,H,11.999999999998678,16.83333333333259,13.999999999999568,9.72778227500499
8068,8192,short,1.21973,1.21573,1.22373,1.21573,254536.85791785523,992.6937458796363,True,TP,0.0034199999999999786,33.176505925342056,0.0012515260547399476,8066,H,2025-01-13 03:20:00+00:00,2025-01-10 16:35:00+00:00,H,12.300000000000644,40.03333333333359,37.016666666667135,31.94481160974421
8240,8412,short,1.21416,1.2185799999999998,1.2184799999999998,1.20984,237980.178039409,-1075.6704047380972,False,SL,0.004410000000000025,17.181043389746343,0.0006606352226782852,8238,H,2025-01-13 21:40:00+00:00,2025-01-13 07:20:00+00:00,H,25.0999999999979,27.26666666666544,24.416666666666014,18.406348288068273
8475,8516,short,1.21664,1.2203499999999998,1.2202499999999998,1.21303,281805.4473913762,-1073.6787545611094,False,SL,0.0045200000000000795,31.32113761191623,0.0008614571312611884,8473,H,2025-01-14 16:05:00+00:00,2025-01-14 12:40:00+00:00,H,18.599999999999728,22.366666666667385,18.48333333333341,30.473264652922285
8560,8695,short,1.22045,1.2168400000000001,1.22406,1.2168400000000001,278831.2680158605,978.69775073564,True,TP,0.0012499999999999734,30.51087503610867,0.0006055277090913096,8558,H,2025-01-15 07:00:00+00:00,2025-01-14 19:45:00+00:00,H,8.799999999999919,8.63333333333364,12.783333333333815,31.005011712624455
8719,8773,short,1.22064,1.2244,1.2243,1.21698,277696.1352580829,-1071.907082096196,False,SL,0.009090000000000042,16.740357705395887,0.0009655650618386055,8717,H,2025-01-15 13:30:00+00:00,2025-01-15 09:00:00+00:00,H,51.000000000001044,61.33333333333399,37.416666666666806,18.419082537214805
8796,8809,short,1.22687,1.22318,1.2305599999999999,1.22318,272533.5458600619,978.3954296376144,True,TP,0.0006800000000000139,23.36858122159295,0.001217922537479039,8794,H,2025-01-15 16:30:00+00:00,2025-01-15 15:25:00+00:00,H,25.599999999998957,29.766666666665532,40.04999999999999,26.60717781387577
8814,8861,short,1.22118,1.2245199999999998,1.2244199999999998,1.21794,313405.1662098842,-1078.11377176197,False,SL,0.0033199999999999896,36.61956228483165,0.0012561267312799526,8812,H,2025-01-15 20:50:00+00:00,2025-01-15 16:55:00+00:00,H,20.999999999999908,32.73333333333388,32.63333333333285,32.91600228711175
8934,9057,short,1.22225,1.2185000000000001,1.226,1.2185000000000001,267907.09354730626,977.8608914476464,True,TP,0.0008500000000000174,32.35262149829282,0.0005223340700207729,8932,H,2025-01-16 13:10:00+00:00,2025-01-16 02:55:00+00:00,H,12.000000000000899,20.333333333334053,17.083333333333858,32.53305088857775
9057,9085,short,1.21964,1.2230699999999999,1.22297,1.2163100000000002,304633.696611683,-1075.356949039187,False,SL,0.0036399999999998656,24.926368403580483,0.000739991042157796,9055,H,2025-01-16 15:30:00+00:00,2025-01-16 13:10:00+00:00,H,9.699999999999154,13.366666666666157,15.116666666666148,21.83815137398999
9120,9271,short,1.22401,1.2203700000000002,1.22765,1.2203700000000002,275735.3407215656,976.1031061543051,True,TP,0.0008900000000000574,19.95467115504642,0.0008252734937799397,9118,H,2025-01-17 07:00:00+00:00,2025-01-16 18:25:00+00:00,H,15.499999999999403,29.833333333332636,29.933333333333294,21.74851999310494
9272,9450,short,1.21874,1.21272,1.2247599999999998,1.21272,168345.1281209334,996.6031584759113,True,TP,0.004020000000000135,36.51771085765867,0.0006849640301228741,9270,H,2025-01-17 21:55:00+00:00,2025-01-17 07:05:00+00:00,H,0.10000000000065512,3.333333333332966,4.899999999999904,33.00079543672201
9497,9630,short,1.21864,1.2223099999999998,1.2222099999999998,1.21507,286667.7038859402,-1080.7372436499486,False,SL,0.01041000000000003,30.856769627308754,0.0004974311992801355,9495,H,2025-01-20 13:30:00+00:00,2025-01-20 02:25:00+00:00,H,6.099999999999994,10.866666666667541,15.233333333333581,33.98465990351922
9652,9657,short,1.23102,1.2273200000000002,1.2347199999999998,1.2273200000000002,273674.6839017068,985.2288620460938,True,TP,8.000000000008001e-05,43.287524794472404,0.0015747522398744105,9650,H,2025-01-20 15:45:00+00:00,2025-01-20 15:20:00+00:00,H,21.499999999998742,33.2333333333327,35.01666666666588,45.49457817591905
9662,9677,short,1.2292,1.2256900000000002,1.23271,1.2256900000000002,291295.902865172,993.3190287702081,True,TP,0.0011699999999998933,22.974596492009326,0.0013377925756205076,9660,H,2025-01-20 17:25:00+00:00,2025-01-20 16:10:00+00:00,H,24.600000000001288,30.26666666666659,36.899999999999714,25.887852033611267
9687,9705,short,1.22859,1.2321099999999998,1.2320099999999998,1.2251700000000003,301866.0261241231,-1092.7550145692487,False,SL,0.004589999999999872,16.583691250641216,0.0010806798191687246,9685,H,2025-01-20 19:45:00+00:00,2025-01-20 18:15:00+00:00,H,13.900000000000023,30.966666666666736,31.38333333333317,17.599330540644505
9775,9961,short,1.22727,1.2335299999999998,1.2334299999999998,1.2211100000000004,165820.49662317874,-1054.6183585233687,False,SL,0.006240000000000023,31.41130878238243,0.001464905730427544,9773,H,2025-01-21 17:05:00+00:00,2025-01-21 01:35:00+00:00,H,58.30000000000002,53.566666666666016,35.166666666666124,32.705816120555895
9975,10163,short,1.23272,1.2364799999999998,1.2363799999999998,1.2290600000000003,276204.392244143,-1066.1489540623265,False,SL,0.0037799999999998946,33.23293908582086,0.000707982359895973,9973,H,2025-01-22 09:55:00+00:00,2025-01-21 18:15:00+00:00,H,10.799999999999699,10.933333333333906,14.933333333333465,35.72597226971754
10190,10225,short,1.23579,1.23262,1.2389599999999998,1.23262,315535.2006539151,968.6930660074863,True,TP,0.0010799999999999699,25.392598575242523,0.0007419002688384398,10188,H,2025-01-22 15:05:00+00:00,2025-01-22 12:10:00+00:00,H,9.599999999998499,7.133333333331955,13.383333333332564,28.277348272576795
10270,10533,short,1.23239,1.2359399999999998,1.2358399999999998,1.2289400000000004,292734.352676241,-1068.4803872681978,False,SL,0.00370999999999988,15.192768209590078,0.0005568831293212623,10268,H,2025-01-23 16:45:00+00:00,2025-01-22 18:50:00+00:00,H,13.399999999998968,12.266666666665612,13.266666666666241,16.515918557162426
10553,10656,short,1.2364,1.2404,1.2403,1.2325,256217.61868211976,-1050.4922365966918,False,SL,0.0039599999999999635,25.400836621737046,0.0007845878181790037,10551,H,2025-01-24 03:00:00+00:00,2025-01-23 18:25:00+00:00,H,9.00000000000123,17.66666666666694,18.733333333333565,25.468644415164636
10711,10732,short,1.23778,1.2424799999999998,1.2423799999999998,1.2331800000000004,214944.30228138372,-1031.7326509505783,False,SL,0.006119999999999903,24.29977696642024,0.0006946615459957451,10709,H,2025-01-24 09:20:00+00:00,2025-01-24 07:35:00+00:00,H,9.799999999999809,19.59999999999962,18.233333333333622,24.05599815723605
10888,10995,short,1.24638,1.2429900000000003,1.2497699999999998,1.2429900000000003,288621.3758067436,949.5643264041237,True,TP,0.00024000000000001798,21.71518868213118,0.0004887950277235529,10886,H,2025-01-27 07:55:00+00:00,2025-01-26 23:00:00+00:00,H,3.6999999999998145,14.56666666666736,11.150000000000512,19.254694026395512
11046,11180,short,1.24972,1.24589,1.25355,1.24589,257943.1089422557,962.1277963546138,True,TP,0.002569999999999961,37.10362513295774,0.0008320560431672152,11044,H,2025-01-27 23:20:00+00:00,2025-01-27 12:10:00+00:00,H,13.100000000001444,18.86666666666666,19.133333333332857,38.74676950773477
11188,11332,short,1.24574,1.2420000000000002,1.24948,1.2420000000000002,266722.83027070167,970.8711021853153,True,TP,0.0007699999999999374,57.095009839106396,0.0010661474209779642,11186,H,2025-01-28 12:00:00+00:00,2025-01-28 00:00:00+00:00,H,29.300000000000992,40.4666666666668,28.749999999999982,58.77159176655841
11341,11637,short,1.24292,1.2394100000000001,1.24643,1.2394100000000001,286966.4091835518,978.5554553158835,True,TP,0.0033799999999999386,25.39092958441233,0.0006199967173936437,11339,H,2025-01-29 13:25:00+00:00,2025-01-28 12:45:00+00:00,H,17.300000000000093,19.10000000000004,15.500000000000142,28.072609109943883
11641,11664,short,1.23971,1.2435999999999998,1.2434999999999998,1.2359200000000004,268347.6651154268,-1070.7071838104798,False,SL,0.004349999999999854,24.00194125672565,0.0007652280920425047,11639,H,2025-01-29 15:40:00+00:00,2025-01-29 13:45:00+00:00,H,2.80000000000058,12.83333333333377,13.7166666666666,22.662233460296513
11677,11932,short,1.24353,1.2473999999999998,1.2472999999999999,1.2397600000000002,266931.18805022235,-1059.7168165593343,False,SL,0.0041199999999999015,32.347456485773556,0.0008336103905735485,11675,H,2025-01-30 14:00:00+00:00,2025-01-29 16:45:00+00:00,H,20.000000000000018,25.90000000000092,22.08333333333405,31.772333038850768
11958,12011,short,1.24654,1.24295,1.25013,1.24295,277363.0670706697,967.9971040766324,True,TP,7.00000000000145e-05,27.824791771205316,0.0008197110428428648,11956,H,2025-01-30 20:35:00+00:00,2025-01-30 16:10:00+00:00,H,9.600000000000719,13.63333333333309,15.316666666666348,27.405867319571925
12018,12258,short,1.24222,1.24721,1.24711,1.2373300000000003,205606.00855306725,-1046.534583535077,False,SL,0.004889999999999839,35.743242884599745,0.001011270144377975,12016,H,2025-01-31 17:10:00+00:00,2025-01-30 21:10:00+00:00,H,34.000000000000696,32.36666666666702,19.11666666666719,34.6325927349628
12279,12316,short,1.23969,1.23494,1.24444,1.23494,209462.74441875966,974.0017615472391,True,TP,0.0013600000000000279,37.45912188321934,0.0013280074903464945,12277,H,2025-02-02 22:00:00+00:00,2025-01-31 18:55:00+00:00,H,25.400000000002088,44.40000000000148,40.35000000000011,37.27112333460427
12321,12339,short,1.23071,1.22753,1.23389,1.22753,315939.63949830184,973.0940896547572,True,TP,0.0016000000000000458,37.43370239150291,0.0012039802032648773,12319,H,2025-02-03 00:20:00+00:00,2025-02-02 22:50:00+00:00,H,35.00000000000058,58.966666666666605,40.23333333333304,32.84162862982848
12343,12483,short,1.22781,1.2332599999999998,1.2331599999999998,1.2224600000000003,189611.027009567,-1052.3411999030461,False,SL,0.005499999999999838,30.92398996908694,0.0013263024796565355,12341,H,2025-02-03 12:20:00+00:00,2025-02-03 00:40:00+00:00,H,37.69999999999829,36.76666666666551,32.31666666666633,31.414693471188354
12516,12519,short,1.23482,1.2386499999999998,1.2385499999999998,1.2310900000000002,269140.90683704056,-1057.7237638695096,False,SL,0.005539999999999878,23.387501858211568,0.0010684143550507934,12514,H,2025-02-03 15:20:00+00:00,2025-02-03 15:05:00+00:00,H,8.500000000000174,16.933333333333987,21.950000000000212,25.70147953075358
12625,12684,short,1.2425,1.2383,1.2467,1.2383,236504.36782462234,969.6679080809472,True,TP,0.0003500000000000725,20.229769406014714,0.0007206756816822262,12623,H,2025-02-04 05:05:00+00:00,2025-02-04 00:10:00+00:00,H,12.799999999999478,23.799999999999745,25.999999999999357,19.910991323068817
12740,12803,short,1.24268,1.2467199999999998,1.2466199999999998,1.2387400000000002,254572.34110260446,-1053.9294921647372,False,SL,0.004089999999999927,17.06533903165202,0.0007787445910495284,12738,H,2025-02-04 15:00:00+00:00,2025-02-04 09:45:00+00:00,H,31.200000000000117,29.266666666667437,22.10000000000082,19.528166466196282
12815,13020,short,1.24806,1.2514699999999999,1.2513699999999999,1.24475,299841.6099766146,-1052.4440510178913,False,SL,0.0035400000000000986,56.426961406309026,0.0009171439880740223,12813,H,2025-02-05 09:05:00+00:00,2025-02-04 16:00:00+00:00,H,11.099999999999444,32.36666666666628,32.96666666666578,54.86605074209532
13056,13228,short,1.2529,1.24917,1.25663,1.24917,263257.7180998363,955.6255167024087,True,TP,0.0015600000000000058,32.371847410461115,0.0006529153397017794,13054,H,2025-02-06 02:25:00+00:00,2025-02-05 12:05:00+00:00,H,3.2999999999994145,9.733333333331965,16.683333333332346,35.62150213954343
13310,13343,short,1.24434,1.24008,1.2486,1.24008,232748.24969000768,968.2327187104158,True,TP,0.0001500000000000945,56.79963119060516,0.0007158319483042155,13308,H,2025-02-06 12:00:00+00:00,2025-02-06 09:15:00+00:00,H,8.00000000000134,23.766666666668414,16.883333333333656,58.90778022681366
13348,13392,short,1.23823,1.24247,1.24237,1.23409,241833.30214166976,-1049.556531294852,False,SL,0.004809999999999981,44.07214707981374,0.00123919455369439,13346,H,2025-02-06 16:05:00+00:00,2025-02-06 12:25:00+00:00,H,34.70000000000084,40.23333333333416,30.516666666667486,43.384672165799394
13443,13649,short,1.24367,1.2471999999999999,1.2470999999999999,1.2402400000000002,288832.15905353456,-1048.460737364276,False,SL,0.005509999999999904,23.84690308343918,0.0005413625694567669,13441,H,2025-02-07 13:30:00+00:00,2025-02-06 20:20:00+00:00,H,8.999999999999009,17.933333333332396,16.399999999999377,24.670619681617
13679,14559,short,1.24022,1.2484,1.2483,1.2321400000000002,121313.08145791409,-1004.4723144715109,False,SL,0.008139999999999814,29.668788482559133,0.001651172935482523,13677,H,2025-02-12 17:55:00+00:00,2025-02-07 16:00:00+00:00,H,18.599999999999728,32.833333333332305,47.31666666666578,26.207303026981243
14581,14676,short,1.2445,1.2481,1.248,1.2409999999999999,277189.9928671995,-1025.6029736086512,False,SL,0.0035000000000000586,19.134055224791915,0.000696414880317692,14579,H,2025-02-13 03:40:00+00:00,2025-02-12 19:45:00+00:00,H,12.000000000000899,25.499999999999776,33.41666666666613,20.929341457324416
14725,14735,short,1.25131,1.24796,1.2546599999999999,1.24796,286539.9836713845,931.2549469319894,True,TP,0.000140000000000029,35.007569846463184,0.0007034517774295972,14723,H,2025-02-13 08:35:00+00:00,2025-02-13 07:45:00+00:00,H,21.599999999999397,25.53333333333333,18.466666666667,35.10546699365386
14745,14817,short,1.24821,1.2518299999999998,1.2517299999999998,1.2446900000000003,275347.01555923803,-1024.2908978802925,False,SL,0.0037199999999999456,28.457803697713793,0.0007097777079396392,14743,H,2025-02-13 15:25:00+00:00,2025-02-13 09:25:00+00:00,H,15.999999999998238,21.633333333332946,18.666666666666462,29.903210162693206
14922,15034,short,1.25588,1.2596999999999998,1.2595999999999998,1.2521600000000004,257789.94241659035,-1010.53657427296,False,SL,0.0037199999999999456,16.06444736195774,0.0005875453509169948,14920,H,2025-02-14 09:30:00+00:00,2025-02-14 00:10:00+00:00,H,12.699999999998823,14.366666666665305,16.866666666665772,15.481551897861461
15110,15920,short,1.2613,1.2575400000000003,1.2650599999999999,1.2575400000000003,252359.89894866353,923.6372301520488,True,TP,0.0025999999999999357,20.625096518408355,0.0007711313036246147,15108,H,2025-02-19 11:50:00+00:00,2025-02-14 15:50:00+00:00,H,19.599999999999618,29.79999999999983,22.766666666666307,23.51867282052471
15923,16168,short,1.25814,1.2616999999999998,1.2615999999999998,1.2546800000000002,276910.2868059226,-1013.4916497096173,False,SL,0.0034600000000000186,36.03788534757039,0.0006341712431006553,15921,H,2025-02-20 08:30:00+00:00,2025-02-19 12:05:00+00:00,H,11.999999999998678,15.06666666666545,15.216666666666065,35.73622323890012
16180,16259,short,1.26074,1.2645799999999998,1.2644799999999998,1.2570000000000001,253469.16466614345,-998.6685087845656,False,SL,0.0039599999999999635,31.781545826639224,0.0005476761460995734,16178,H,2025-02-20 16:05:00+00:00,2025-02-20 09:30:00+00:00,H,10.799999999999699,16.600000000000687,16.416666666667265,34.08568479705674
16371,16810,short,1.26558,1.26195,1.26921,1.26195,258398.89552713174,912.1481012107807,True,TP,0.0034600000000000186,33.12960031371864,0.00043955998390939716,16369,H,2025-02-24 14:40:00+00:00,2025-02-21 01:25:00+00:00,H,8.099999999999774,15.033333333333381,13.049999999999637,33.292801357057165
16819,17071,short,1.2625,1.2663,1.2662,1.2588,255975.53291232226,-998.3045783580634,False,SL,0.0037000000000000366,24.561657166214538,0.0007327762398761352,16817,H,2025-02-25 12:25:00+00:00,2025-02-24 15:25:00+00:00,H,21.400000000000308,26.333333333334135,20.466666666667518,25.703056109091523
17118,17397,short,1.26551,1.269,1.2689,1.26212,276438.4737439587,-992.4141207408097,False,SL,0.0035200000000001896,24.84298036974342,0.0006974598085098782,17116,H,2025-02-26 15:35:00+00:00,2025-02-25 16:20:00+00:00,H,10.000000000001119,19.733333333333828,17.800000000000406,24.869915453218965
17412,17544,short,1.26934,1.26572,1.2729599999999999,1.26572,256133.2278410564,901.5889620005073,True,TP,0.0022300000000001763,28.252531974133067,0.0007494196403903726,17410,H,2025-02-27 03:50:00+00:00,2025-02-26 16:50:00+00:00,H,12.600000000000389,29.266666666667444,18.933333333333394,28.400749719154845
17642,17663,short,1.26745,1.26387,1.2710299999999999,1.26387,261513.4565376089,910.0668287508571,True,TP,0.0014000000000000679,12.642258297159357,0.0005949615436454116,17640,H,2025-02-27 13:45:00+00:00,2025-02-27 12:00:00+00:00,H,12.300000000000644,19.100000000000044,16.233333333333835,13.919480150126724
17681,17845,short,1.26246,1.25809,1.26683,1.25809,216320.1013025469,923.6868325618719,True,TP,0.0013400000000001189,23.396673024151532,0.0009266195484146108,17679,H,2025-02-28 04:55:00+00:00,2025-02-27 15:15:00+00:00,H,18.299999999999983,21.099999999999824,20.5833333333331,23.820579687654448
17875,17971,short,1.25811,1.26161,1.26151,1.2547100000000002,280751.67971111415,-1010.7060469599651,False,SL,0.00370999999999988,15.962710856738207,0.00046617128942260815,17873,H,2025-02-28 15:25:00+00:00,2025-02-28 07:25:00+00:00,H,13.099999999999223,11.433333333332001,8.649999999998938,17.81296382070757
17982,18186,short,1.25916,1.263,1.2629,1.2554200000000002,252526.37715192043,-994.953925978527,False,SL,0.0038399999999998435,22.506987698806263,0.0008545802266670212,17980,H,2025-03-03 09:55:00+00:00,2025-02-28 16:20:00+00:00,H,17.000000000000348,28.999999999999762,23.333333333332984,20.149616834596923
18230,18282,short,1.26813,1.2718999999999998,1.2717999999999998,1.2644600000000001,254631.91043280688,-985.4254933749191,False,SL,0.003670000000000062,44.23449307619068,0.0007317507911890176,18228,H,2025-03-03 17:55:00+00:00,2025-03-03 13:35:00+00:00,H,15.999999999998238,19.033333333332198,16.23333333333273,47.808023530194
18357,18471,short,1.26991,1.27351,1.27341,1.2664100000000003,264184.24467275845,-977.4817052891601,False,SL,0.003589999999999982,13.437065301091252,0.0005552787542674758,18355,H,2025-03-04 09:40:00+00:00,2025-03-04 00:10:00+00:00,H,8.099999999999774,11.299999999999272,10.71666666666619,14.36831637182318
18520,18573,short,1.27252,1.2764699999999998,1.2763699999999998,1.2686700000000004,237628.58163682962,-962.3957556290829,False,SL,0.0043599999999999195,21.827878521884728,0.0008232376247793427,18518,H,2025-03-04 18:10:00+00:00,2025-03-04 13:45:00+00:00,H,4.300000000001525,11.366666666667117,12.183333333332845,20.633761047117993
18651,18738,short,1.2788,1.2822699999999998,1.2821699999999998,1.27543,268619.01535473677,-958.9698848163732,False,SL,0.003390000000000004,11.191086713898097,0.0005780801955050403,18649,H,2025-03-05 07:55:00+00:00,2025-03-05 00:40:00+00:00,H,6.699999999999484,8.633333333332901,10.016666666667154,12.251700000931166
18759,18859,short,1.28366,1.2882999999999998,1.2881999999999998,1.2791200000000003,197281.14160733728,-935.1126112187305,False,SL,0.00490999999999997,39.295802426162595,0.000922749194672487,18757,H,2025-03-05 18:00:00+00:00,2025-03-05 09:40:00+00:00,H,16.399999999998638,18.26666666666569,26.183333333332413,41.810508071363046
18933,19321,short,1.28909,1.2926,1.2925,1.2856800000000002,259913.5650396189,-938.2879697929989,False,SL,0.0036599999999999966,20.141242902990182,0.00047522813320279814,18931,H,2025-03-07 08:30:00+00:00,2025-03-06 00:10:00+00:00,H,7.300000000001194,12.300000000000644,14.733333333333633,22.52563374021246
19369,19669,short,1.29071,1.29473,1.29463,1.28679,223704.68803244003,-921.6633146936333,False,SL,0.003949999999999898,23.156788246174877,0.0006746014371695187,19367,H,2025-03-10 13:15:00+00:00,2025-03-07 12:30:00+00:00,H,3.300000000001635,7.5666666666681275,10.83333333333436,23.528853018933486
19698,19948,short,1.29007,1.2948899999999999,1.2947899999999999,1.2853500000000002,183835.96269920375,-904.4729364800502,False,SL,0.005099999999999882,15.590146281448199,0.0007908141653553907,19696,H,2025-03-11 12:30:00+00:00,2025-03-10 15:40:00+00:00,H,12.900000000000134,14.033333333334232,17.60000000000021,15.556605877448096
19955,20236,short,1.29332,1.2980999999999998,1.2979999999999998,1.2886400000000002,183474.57576398473,-895.355929728206,False,SL,0.005589999999999984,25.96209915131965,0.0007644234818592219,19953,H,2025-03-12 12:30:00+00:00,2025-03-11 13:05:00+00:00,H,29.999999999998916,24.966666666665915,20.91666666666566,28.015957817923795
20242,21128,short,1.29477,1.29907,1.29897,1.29057,202311.29887574588,-890.1697150532759,False,SL,0.0044200000000000905,22.48882665607178,0.001115545063877911,20240,H,2025-03-17 15:20:00+00:00,2025-03-12 13:00:00+00:00,H,21.700000000000053,39.633333333333184,28.36666666666635,22.086862919520634
21137,21383,short,1.29837,1.2950400000000002,1.3016999999999999,1.2950400000000002,252494.22165995144,815.556335961601,True,TP,0.0022299999999999542,20.484958777987856,0.0005921143930266014,21135,H,2025-03-18 12:35:00+00:00,2025-03-17 16:05:00+00:00,H,8.799999999999919,11.166666666667288,12.600000000000762,21.52710927777468
21391,21439,short,1.297,1.3008199999999999,1.3007199999999999,1.29328,228215.40900194214,-894.6044032875983,False,SL,0.003730000000000011,48.22839357906123,0.0007294659086876032,21389,H,2025-03-18 17:15:00+00:00,2025-03-18 13:15:00+00:00,H,27.200000000000557,31.06666666666665,20.766666666666527,50.587825233743544
21450,21611,short,1.30025,1.2967199999999999,1.30378,1.2967199999999999,237964.6678340874,816.2188106709276,True,TP,0.0007200000000000539,23.628199159789556,0.0006420930391227822,21448,H,2025-03-19 07:35:00+00:00,2025-03-18 18:10:00+00:00,H,12.799999999999478,12.19999999999925,11.266666666666092,26.18932645813618
21611,21743,short,1.29623,1.30103,1.30093,1.29153,180463.29054490614,-884.2701236700248,False,SL,0.0047200000000000575,34.1230875188327,0.0005389305445315584,21609,H,2025-03-19 18:40:00+00:00,2025-03-19 07:35:00+00:00,H,11.300000000000754,11.833333333333881,8.350000000000302,34.55513673054793
21768,21771,short,1.30028,1.2970500000000003,1.30351,1.2970500000000003,259855.96418711636,813.3491679056336,True,TP,0.0015199999999999658,24.506352333225692,0.000662631363628454,21766,H,2025-03-19 21:00:00+00:00,2025-03-19 20:45:00+00:00,H,25.100000000000122,30.433333333333607,26.71666666666739,25.07735348817952
21777,21899,short,1.29987,1.2961500000000004,1.3035899999999998,1.2961500000000004,227814.0473127593,824.6868512721256,True,TP,0.0015399999999998748,28.04339694856502,0.0012121001379040263,21775,H,2025-03-20 07:40:00+00:00,2025-03-19 21:30:00+00:00,H,47.59999999999876,53.6999999999995,42.06666666666655,27.83419577957384
21916,22156,short,1.29705,1.2934600000000003,1.3006399999999998,1.2934600000000003,238360.75891815603,831.8790486243073,True,TP,0.0008699999999999264,32.67984744030225,0.0006551582848174255,21914,H,2025-03-21 05:05:00+00:00,2025-03-20 09:05:00+00:00,H,10.399999999999299,13.133333333333516,15.183333333333623,33.43778467319842
22277,22286,short,1.29319,1.2896000000000003,1.2967799999999998,1.2896000000000003,240677.9707527643,839.9661179270896,True,TP,0.00041000000000002146,13.951965029702388,0.0006707805520950953,22275,H,2025-03-21 15:55:00+00:00,2025-03-21 15:10:00+00:00,H,12.799999999999478,13.333333333332604,17.68333333333298,15.028763497609486
22311,22490,short,1.2921,1.29605,1.29595,1.2882500000000001,226606.1236835474,-917.7548009183438,False,SL,0.0038599999999999746,18.066232739243546,0.0006696016334749523,22309,H,2025-03-24 09:35:00+00:00,2025-03-21 18:00:00+00:00,H,43.50000000000076,33.833333333334416,23.033333333333605,20.160321041901167
22520,22543,short,1.2948,1.29125,1.29835,1.29125,243170.71216125847,838.9389569563276,True,TP,0.000180000000000069,25.07116600021272,0.0006657058908688438,22518,H,2025-03-24 14:00:00+00:00,2025-03-24 12:05:00+00:00,H,7.500000000000284,15.833333333332698,14.18333333333299,23.607752937855288
22561,22803,short,1.29103,1.29578,1.29568,1.2863799999999999,187450.62747139973,-909.1355432362947,False,SL,0.004750000000000032,33.246065570569954,0.000853647977343095,22559,H,2025-03-25 11:40:00+00:00,2025-03-24 15:30:00+00:00,H,11.799999999999589,28.233333333332514,25.566666666666148,31.84385998266303
22810,23035,short,1.29496,1.2916200000000004,1.2982999999999998,1.2916200000000004,258249.7192544124,836.7290903842127,True,TP,0.0017399999999998528,37.19121726092289,0.0006110560898189884,22808,H,2025-03-26 07:00:00+00:00,2025-03-25 12:15:00+00:00,H,14.499999999999513,16.599999999999948,15.366666666666307,42.46088201820122
23042,23389,short,1.29061,1.29582,1.29572,1.2855,170434.70708679155,-905.0082946308523,False,SL,0.005879999999999885,27.921371935610125,0.0007662526060400959,23040,H,2025-03-27 12:30:00+00:00,2025-03-26 07:35:00+00:00,H,11.200000000000099,17.06666666666671,12.700000000000676,23.26311275587159
23394,23427,short,1.29447,1.2987,1.2986,1.29034,208685.53759496228,-903.6083777861775,False,SL,0.004629999999999912,37.09726091004567,0.0008053057354139809,23392,H,2025-03-27 15:40:00+00:00,2025-03-27 12:55:00+00:00,H,20.000000000000018,19.23333333333277,18.71666666666642,36.98665533793388
23534,23979,short,1.29429,1.29088,1.2976999999999999,1.29088,250098.29515816635,827.825356973509,True,TP,0.0029799999999999827,15.534565541667947,0.0003839493575236243,23532,H,2025-03-31 14:20:00+00:00,2025-03-28 00:35:00+00:00,H,3.9999999999995595,6.333333333332636,8.833333333333101,14.995490445633072
23991,24262,short,1.29151,1.28798,1.29504,1.28798,243941.48443599226,836.7192916154615,True,TP,0.0025900000000000922,29.67702481516989,0.0009685554055546547,23989,H,2025-04-01 13:55:00+00:00,2025-03-31 15:20:00+00:00,H,18.599999999999728,19.69999999999879,20.94999999999958,32.53796542785252
24286,24560,short,1.29211,1.29592,1.29582,1.2884000000000002,234361.35659710065,-916.3529042946328,False,SL,0.0043799999999998285,22.329416024050946,0.000758722224256938,24284,H,2025-04-02 14:45:00+00:00,2025-04-01 15:55:00+00:00,H,11.200000000000099,12.733333333332375,16.11666666666604,23.82447590177562
24632,24669,short,1.29961,1.3051199999999998,1.3050199999999998,1.2942,159023.4942573535,-892.1218027837378,False,SL,0.005570000000000075,25.674880903668484,0.0019300017209826256,24630,H,2025-04-02 23:50:00+00:00,2025-04-02 20:45:00+00:00,H,71.20000000000016,69.23333333333393,46.31666666666738,27.729388454896785
24703,24739,short,1.30623,1.3095999999999999,1.3094999999999999,1.3029600000000001,260365.71434387213,-903.4690287732033,False,SL,0.003470000000000084,28.343665622566224,0.0007907232119052134,24701,H,2025-04-03 05:40:00+00:00,2025-04-03 02:40:00+00:00,H,16.499999999999293,22.73333333333275,23.166666666666334,28.37255068091314
24788,24793,short,1.31723,1.32069,1.32059,1.3138699999999999,250702.7367906822,-892.5017429748333,False,SL,0.003430000000000044,45.46380986094678,0.0009012081450807668,24786,H,2025-04-03 10:10:00+00:00,2025-04-03 09:45:00+00:00,H,11.900000000000244,19.166666666667144,17.95000000000065,47.649283418268574
24959,25046,short,1.30872,1.3049200000000003,1.31252,1.3049200000000003,219325.310049209,811.5036471820302,True,TP,0.0025999999999999357,20.297105929294393,0.0006565544506770063,24957,H,2025-04-04 07:15:00+00:00,2025-04-04 00:00:00+00:00,H,9.300000000000974,13.8333333333344,12.583333333333243,19.304280888148046
25047,25054,short,1.3054,1.3013,1.3094999999999999,1.3013,205256.39381921294,821.0255752768502,True,TP,0.00017000000000000348,35.71730869819216,0.000815898899897578,25045,H,2025-04-04 07:55:00+00:00,2025-04-04 07:20:00+00:00,H,14.000000000000679,24.86666666666674,21.866666666667072,32.85304477862277
25103,25125,short,1.3018,1.2979000000000003,1.3056999999999999,1.2979000000000003,217887.5565157911,827.972714759961,True,TP,0.0029799999999999827,18.83467898015723,0.001343940367166401,25101,H,2025-04-04 13:50:00+00:00,2025-04-04 12:00:00+00:00,H,38.599999999999746,38.866666666666674,38.84999999999916,20.19339107863255
25125,25144,short,1.29798,1.29152,1.3044399999999998,1.29152,132823.71479243835,844.758826079896,True,TP,0.0009799999999999809,11.195697455582602,0.0015618726860777959,25123,H,2025-04-04 15:25:00+00:00,2025-04-04 13:50:00+00:00,H,19.399999999998307,23.09999999999886,26.233333333332737,9.636086666024509
25148,25155,short,1.29312,1.2893900000000003,1.2968499999999998,1.2893900000000003,232302.62354423263,843.2585234655154,True,TP,4.0000000000040004e-05,39.305743586762695,0.0016719979645474449,25146,H,2025-04-04 16:20:00+00:00,2025-04-04 15:45:00+00:00,H,31.49999999999986,36.83333333333409,52.45000000000019,37.719676436200444
25160,25212,short,1.28926,1.2836100000000004,1.2949099999999998,1.2836100000000004,154853.34000967056,859.4360370536268,True,TP,0.0020999999999999908,46.69188614681281,0.0013924680051394646,25158,H,2025-04-06 21:15:00+00:00,2025-04-04 16:45:00+00:00,H,28.099999999999792,31.699999999999694,34.266666666666886,47.054938102467794
25233,25236,short,1.28871,1.29294,1.29284,1.28458,213926.32722158285,-926.3009968694444,False,SL,0.004489999999999883,25.532320144480508,0.0012089184798573542,25231,H,2025-04-06 23:50:00+00:00,2025-04-06 23:35:00+00:00,H,29.400000000001647,33.6666666666674,53.099999999999994,24.997925119900817
25246,25269,short,1.28987,1.2855300000000003,1.2942099999999999,1.2855300000000003,201440.7192296033,854.1086495334755,True,TP,0.0016899999999999693,31.801306902591957,0.001395980507788615,25244,H,2025-04-07 02:35:00+00:00,2025-04-07 00:40:00+00:00,H,28.200000000000447,41.13333333333339,34.116666666667385,31.945893140216157
25281,25301,short,1.2877,1.2911,1.291,1.2844000000000002,267513.2751369116,-936.2964629791499,False,SL,0.004070000000000018,25.400150904857796,0.0008744886864623595,25279,H,2025-04-07 05:15:00+00:00,2025-04-07 03:35:00+00:00,H,31.09999999999946,29.46666666666653,24.70000000000009,29.108563016945222
25347,25370,short,1.28708,1.2820900000000002,1.2920699999999998,1.2820900000000002,175036.24114669522,855.9272192073096,True,TP,8.000000000008001e-05,19.93750340841156,0.001304231719013873,25345,H,2025-04-07 11:00:00+00:00,2025-04-07 09:05:00+00:00,H,26.800000000000157,32.10000000000083,35.61666666666722,18.855731337191717
25418,25431,short,1.27674,1.27143,1.28205,1.27143,166099.83343014395,865.3801321710376,True,TP,0.0005699999999999594,21.13862421558791,0.0018640278834675488,25416,H,2025-04-07 16:05:00+00:00,2025-04-07 15:00:00+00:00,H,13.099999999999223,35.13333333333331,27.049999999999944,20.238895955434295
25435,25447,short,1.27237,1.27616,1.27606,1.26868,241366.9151316448,-938.9172998620886,False,SL,0.003730000000000011,30.737857323638412,0.0013276845278976856,25433,H,2025-04-07 17:25:00+00:00,2025-04-07 16:25:00+00:00,H,17.599999999999838,24.06666666666668,32.88333333333338,31.144105876286694
25541,25599,short,1.27603,1.2793599999999998,1.2792599999999998,1.2728000000000002,272834.286017704,-935.8216010406792,False,SL,0.003270000000000106,30.893024504134324,0.0007559705950879819,25539,H,2025-04-08 06:05:00+00:00,2025-04-08 01:15:00+00:00,H,11.799999999999589,17.333333333332902,11.950000000000202,33.12742250930478
25618,25748,short,1.27565,1.2814599999999998,1.2813599999999998,1.26994,152696.41468069225,-902.4358107628715,False,SL,0.005750000000000144,19.212814368932936,0.0009236771102414667,25616,H,2025-04-08 18:30:00+00:00,2025-04-08 07:40:00+00:00,H,17.799999999998928,20.999999999999165,19.466666666666892,18.836309352501573
25841,25909,short,1.28309,1.2791600000000003,1.2870199999999998,1.2791600000000003,219560.34852904765,840.9161348662013,True,TP,0.003309999999999924,29.995598061703415,0.0009325950121527339,25839,H,2025-04-09 07:55:00+00:00,2025-04-09 02:15:00+00:00,H,16.199999999999548,22.399999999999455,27.333333333332547,30.77552412659494
25961,26027,short,1.27791,1.2819399999999999,1.2818399999999999,1.2739800000000003,221700.0842411755,-915.6213479160007,False,SL,0.0042799999999998395,19.473050417614452,0.0014488881096262134,25959,H,2025-04-09 17:45:00+00:00,2025-04-09 12:15:00+00:00,H,18.400000000000638,29.33333333333306,30.64999999999984,18.952842736549965
26054,26140,short,1.2798,1.2852999999999999,1.2852,1.2744000000000002,159652.79955345037,-894.0556774992963,False,SL,0.005399999999999849,12.921185408827647,0.0015377309675285238,26052,H,2025-04-10 03:10:00+00:00,2025-04-09 20:00:00+00:00,H,21.999999999999797,25.733333333332425,32.6166666666657,13.929967067767265
26147,26196,short,1.28463,1.28823,1.28813,1.2811299999999999,243767.0173753145,-901.9379642886752,False,SL,0.0035000000000000586,21.256744452395797,0.00067899760939805,26145,H,2025-04-10 07:50:00+00:00,2025-04-10 03:45:00+00:00,H,25.800000000000267,21.39999999999957,17.133333333333074,20.88244273501627
26411,26480,short,1.30055,1.3059999999999998,1.3058999999999998,1.2952000000000004,157787.8843309848,-875.7227580369234,False,SL,0.006289999999999907,32.55432410519938,0.0013771432695924603,26409,H,2025-04-11 07:30:00+00:00,2025-04-11 01:45:00+00:00,H,35.69999999999851,54.799999999999294,33.78333333333298,34.05122731417711
26542,26570,short,1.31001,1.3050199999999998,1.315,1.3050199999999998,167416.42356520053,818.666311233839,True,TP,0.003410000000000135,14.49448363036735,0.0014923536875919535,26540,H,2025-04-11 15:00:00+00:00,2025-04-11 12:40:00+00:00,H,41.20000000000124,34.10000000000135,37.75000000000121,13.606529021943311
26572,26670,short,1.30419,1.30968,1.30958,1.2988,156511.06061274518,-874.8968288252447,False,SL,0.005710000000000104,21.32243004891178,0.0015258472748836496,26570,H,2025-04-14 00:05:00+00:00,2025-04-11 15:10:00+00:00,H,7.4000000000018495,28.46666666666812,45.50000000000091,19.747792946902063
26677,26742,short,1.30889,1.3131599999999999,1.31306,1.3047200000000003,200202.7933847693,-874.8862070913966,False,SL,0.004849999999999799,15.641289741952475,0.0008013347096281717,26675,H,2025-04-14 06:05:00+00:00,2025-04-14 00:40:00+00:00,H,13.600000000000279,22.86666666666696,19.46666666666652,16.496547365633365
26960,27010,short,1.31732,1.3207099999999998,1.3206099999999998,1.3140300000000003,251093.2481287486,-876.3154359692779,False,SL,0.003929999999999989,25.310626108125653,0.0005528320969603991,26958,H,2025-04-15 04:25:00+00:00,2025-04-15 00:15:00+00:00,H,9.099999999999664,10.499999999999954,15.466666666666962,25.98843833115576
27041,27053,short,1.3191,1.3230799999999998,1.3229799999999998,1.31522,210652.99793398523,-859.4642315706328,False,SL,0.004669999999999952,33.607645946840634,0.0007988874586671928,27039,H,2025-04-15 08:00:00+00:00,2025-04-15 07:00:00+00:00,H,16.799999999999038,21.599999999999397,18.933333333333394,32.185768303166725
27254,27316,short,1.3247,1.32839,1.32829,1.32111,225275.48458722446,-853.7940865855742,False,SL,0.0040999999999999925,21.5533438556251,0.0005654149112517601,27252,H,2025-04-16 05:55:00+00:00,2025-04-16 00:45:00+00:00,H,9.900000000000464,15.566666666666507,12.183333333333211,21.248918507809737
27359,27429,short,1.32732,1.3232400000000002,1.3314,1.3232400000000002,196127.7080397802,780.588277998298,True,TP,0.0005100000000000104,20.906578148089416,0.0008864783543805247,27357,H,2025-04-16 15:20:00+00:00,2025-04-16 09:30:00+00:00,H,18.800000000001038,22.40000000000094,19.26666666666669,23.70254251592505
27437,27455,short,1.32454,1.3213000000000001,1.32778,1.3213000000000001,249384.8554266301,783.068446039596,True,TP,0.00017999999999984695,18.296075068542798,0.0008516517860385809,27435,H,2025-04-16 17:30:00+00:00,2025-04-16 16:00:00+00:00,H,22.800000000000598,26.26666666666703,22.31666666666706,20.03836770008774
27466,27693,short,1.3221,1.3258299999999998,1.3257299999999999,1.3184700000000003,224748.6545572176,-860.787346954096,False,SL,0.003809999999999869,42.86650904562149,0.0008657243282849206,27464,H,2025-04-17 13:20:00+00:00,2025-04-16 18:25:00+00:00,H,16.300000000000203,23.333333333333723,19.51666666666685,42.8392317502565
27721,27770,short,1.32525,1.3291,1.329,1.3215000000000001,215261.26468616835,-850.2819955103454,False,SL,0.004469999999999974,17.732171317271696,0.0009079641735644221,27719,H,2025-04-20 22:05:00+00:00,2025-04-17 15:40:00+00:00,H,33.00000000000081,28.400000000000276,21.933333333333803,20.242049604541055
27808,27837,short,1.335,1.3384999999999998,1.3383999999999998,1.3316000000000001,234919.68312295483,-845.710859242599,False,SL,0.003649999999999931,63.63264532700857,0.000652320657672737,27806,H,2025-04-21 03:40:00+00:00,2025-04-21 01:15:00+00:00,H,11.099999999999444,24.733333333333274,13.616666666666683,62.41099273922673
27910,28230,short,1.34029,1.33565,1.34493,1.33565,170316.77026413544,773.2381369991712,True,TP,0.0019899999999999363,32.82025166956958,0.000733496743149414,27908,H,2025-04-22 12:25:00+00:00,2025-04-21 09:45:00+00:00,H,9.300000000000974,11.2666666666672,14.100000000000223,36.83799604206341
28238,28305,short,1.33686,1.33327,1.34045,1.33327,222284.73409347644,775.7737219862288,True,TP,0.0021900000000001363,15.9996268377718,0.0007580569216971871,28236,H,2025-04-22 18:40:00+00:00,2025-04-22 13:05:00+00:00,H,18.500000000001293,25.966666666668022,20.166666666667034,17.12669598906496
28312,28342,short,1.33353,1.3300900000000002,1.33697,1.3300900000000002,234232.53855100728,782.336678760338,True,TP,0.0005699999999999594,33.947363733631825,0.0005915540582186381,28310,H,2025-04-22 21:45:00+00:00,2025-04-22 19:15:00+00:00,H,9.700000000001374,14.23333333333332,14.29999999999931,34.37832767445429
28374,28450,short,1.32852,1.3320999999999998,1.3319999999999999,1.32504,233788.30442616643,-860.340960288273,False,SL,0.0040400000000000436,21.83163109250647,0.000947654537321578,28372,H,2025-04-23 06:45:00+00:00,2025-04-23 00:25:00+00:00,H,22.999999999999687,55.96666666666619,61.59999999999943,24.344524200759018
28516,28560,short,1.32976,1.32587,1.33365,1.32587,206935.70431880976,784.2863193682784,True,TP,0.0022400000000000198,28.133666084303012,0.0007837688140335322,28514,H,2025-04-23 15:55:00+00:00,2025-04-23 12:15:00+00:00,H,10.500000000002174,14.233333333334059,16.11666666666789,26.933582920784115
28566,28753,short,1.32609,1.3298999999999999,1.3297999999999999,1.32238,219089.6908339268,-856.6406911606251,False,SL,0.00391000000000008,24.517774556661838,0.0009707290021085855,28564,H,2025-04-24 08:00:00+00:00,2025-04-23 16:25:00+00:00,H,19.000000000000128,25.43333333333416,28.90000000000096,24.77446991901509
28812,28892,short,1.33014,1.33425,1.33415,1.3261300000000003,200562.67982101408,-844.3688820464364,False,SL,0.0041199999999999015,19.749668601738957,0.0007853170358618163,28810,H,2025-04-24 19:35:00+00:00,2025-04-24 12:55:00+00:00,H,14.499999999999513,16.566666666666396,18.249999999999655,20.65253030625917
28957,29343,short,1.33053,1.3346699999999998,1.3345699999999998,1.3264900000000002,196983.3310053977,-835.2093234628489,False,SL,0.0040599999999999525,59.33282525438338,0.0005540349793474152,28955,H,2025-04-28 09:10:00+00:00,2025-04-25 01:00:00+00:00,H,9.699999999999154,20.000000000000018,21.34999999999998,58.477921225003165
29393,29406,short,1.33445,1.33825,1.33815,1.3307499999999999,212827.17946679328,-830.0259999204992,False,SL,0.004450000000000065,14.146596536304886,0.0006996841793410628,29391,H,2025-04-28 14:25:00+00:00,2025-04-28 13:20:00+00:00,H,15.500000000001624,18.40000000000138,15.550000000000841,15.659206577605746
29530,29643,short,1.34267,1.3390400000000002,1.3462999999999998,1.3390400000000002,214644.71185343826,757.6958328425941,True,TP,0.0015199999999999658,16.756132107094494,0.0004774280352505689,29528,H,2025-04-29 10:10:00+00:00,2025-04-29 00:45:00+00:00,H,5.999999999999339,8.40000000000026,7.766666666666847,17.20764300587255
29687,29905,short,1.34129,1.3378800000000004,1.3446999999999998,1.3378800000000004,230714.73969396928,763.665788386967,True,TP,0.0007999999999999119,24.866939681624082,0.0007575146814242429,29685,H,2025-04-30 08:00:00+00:00,2025-04-29 13:50:00+00:00,H,18.999999999997907,18.166666666665037,18.666666666665723,27.71676309190964
29917,29973,short,1.33666,1.33308,1.3402399999999999,1.33308,221892.15649169052,772.1847045910646,True,TP,0.0007699999999999374,39.97124382678604,0.0006829876455004246,29915,H,2025-04-30 13:40:00+00:00,2025-04-30 09:00:00+00:00,H,11.399999999999189,17.066666666666713,18.19999999999933,39.307185764047645
29974,30162,short,1.33269,1.3281,1.3372799999999998,1.3281,174748.53317781407,784.6209139683629,True,TP,0.003190000000000026,29.51839651579642,0.0008201662128396751,29972,H,2025-05-01 05:25:00+00:00,2025-04-30 13:45:00+00:00,H,11.799999999999589,12.933333333332945,16.733333333333416,26.855827679702255
30211,30275,short,1.33221,1.32843,1.3359899999999998,1.32843,214270.36413382288,788.5149400124455,True,TP,0.0023200000000000998,35.07561167658522,0.0006766043726575807,30209,H,2025-05-01 14:50:00+00:00,2025-05-01 09:30:00+00:00,H,7.899999999998464,16.733333333331935,17.099999999999522,38.051333249887556
30333,30450,short,1.32816,1.3316,1.3315,1.32482,244858.4209059812,-866.798810007146,False,SL,0.0035400000000000986,18.875098558172446,0.0005555221298074991,30331,H,2025-05-02 05:25:00+00:00,2025-05-01 19:40:00+00:00,H,7.999999999999119,10.266666666666572,13.400000000000079,18.32441091202976
30472,30535,short,1.33131,1.32772,1.3349,1.32772,225392.51747239134,786.6198859786417,True,TP,0.00029999999999996696,18.544402885993193,0.000659721387842118,30470,H,2025-05-02 12:30:00+00:00,2025-05-02 07:15:00+00:00,H,14.000000000000679,14.066666666667041,11.43333333333348,19.003774485175683
30536,30548,short,1.32883,1.33225,1.33215,1.32551,246091.96885110534,-866.2437303558855,False,SL,0.0038599999999999746,19.396648652110883,0.0009583809510065953,30534,H,2025-05-02 13:35:00+00:00,2025-05-02 12:35:00+00:00,H,6.500000000000394,14.066666666666302,13.249999999999467,17.208067259016797
30638,30727,short,1.32591,1.3302999999999998,1.3301999999999998,1.32162,188429.5802522439,-846.0488153325553,False,SL,0.0044200000000000905,24.07329097900679,0.0005047988633155887,30636,H,2025-05-05 05:10:00+00:00,2025-05-04 21:10:00+00:00,H,2.9999999999996696,6.033333333333631,9.183333333333913,25.22427005378728
30811,30856,short,1.33192,1.3283200000000002,1.3355199999999998,1.3283200000000002,222195.11420245047,777.6828997085379,True,TP,0.0017100000000001003,25.239276269182447,0.0006659148635679746,30809,H,2025-05-05 15:55:00+00:00,2025-05-05 12:10:00+00:00,H,13.199999999999878,13.600000000000279,13.74999999999978,25.28382077359803
30865,31037,short,1.32759,1.3309799999999998,1.3308799999999998,1.3243000000000003,245495.20976471703,-856.778282078809,False,SL,0.0035000000000000586,54.2351316442683,0.000690498417610366,30863,H,2025-05-06 07:00:00+00:00,2025-05-05 16:40:00+00:00,H,7.800000000000029,22.599999999999287,20.94999999999921,53.753991367097925
31069,31083,short,1.33142,1.33472,1.33462,1.3282200000000002,249722.3304078477,-849.0559233866469,False,SL,0.0032799999999999496,24.615118923735256,0.0007054746729289738,31067,H,2025-05-06 10:50:00+00:00,2025-05-06 09:40:00+00:00,H,8.20000000000043,15.966666666666905,17.983333333333462,26.390150818260157
31266,31466,short,1.33426,1.3302,1.33832,1.3302,194734.21134759183,771.1474769364544,True,TP,0.0034600000000000186,15.570766350366256,0.000709568599387288,31264,H,2025-05-07 18:45:00+00:00,2025-05-07 02:05:00+00:00,H,18.20000000000155,20.70000000000164,19.23333333333462,15.524082380928832
31478,31551,short,1.33011,1.3333899999999999,1.3332899999999999,1.32693,251047.9159876063,-848.5419560380966,False,SL,0.003940000000000055,26.899379919881014,0.0011694803852797188,31476,H,2025-05-08 01:50:00+00:00,2025-05-07 19:45:00+00:00,H,14.000000000000679,44.06666666666744,31.500000000000977,25.809780754801988
31613,31662,short,1.32808,1.33232,1.33222,1.32394,190784.2882319302,-828.0038109265812,False,SL,0.0042800000000000615,41.1876056427892,0.0008513341033249625,31611,H,2025-05-08 11:05:00+00:00,2025-05-08 07:00:00+00:00,H,16.20000000000177,26.73333333333453,19.516666666666847,39.56094182912964
31820,31931,short,1.32272,1.3273899999999998,1.3272899999999999,1.31815,171021.2068207741,-815.7711565350842,False,SL,0.0048799999999999955,27.423566014614547,0.0005542893147040425,31818,H,2025-05-09 09:30:00+00:00,2025-05-09 00:15:00+00:00,H,10.900000000000354,7.966666666667048,7.566666666666648,24.017256524212396
31963,31989,short,1.3277,1.3310399999999998,1.3309399999999998,1.3244600000000004,238706.544322733,-821.1505124701243,False,SL,0.0035399999999998766,15.105389726747987,0.0007114809789124137,31961,H,2025-05-09 14:20:00+00:00,2025-05-09 12:10:00+00:00,H,15.600000000000058,19.766666666666634,15.866666666666253,16.26229464379211
32070,32190,short,1.32688,1.3202500000000001,1.33351,1.3202500000000001,115414.43416001345,753.6562550648779,True,TP,0.0030799999999999716,26.35130973556632,0.0007656608871884304,32068,H,2025-05-12 07:25:00+00:00,2025-05-11 21:15:00+00:00,H,5.1000000000001044,6.766666666665848,6.983333333333195,22.2165837719979
32288,32311,short,1.32038,1.3164100000000003,1.32435,1.3164100000000003,194643.3906880518,753.2699219627228,True,TP,0.0004199999999998649,17.051666461531802,0.0008394531305678023,32286,H,2025-05-12 17:30:00+00:00,2025-05-12 15:35:00+00:00,H,17.499999999999183,17.799999999998928,17.899999999999583,18.872922690426332
32346,32477,short,1.31745,1.3211499999999998,1.3210499999999998,1.3138500000000002,216740.82229199808,-823.6151247095526,False,SL,0.003649999999999931,19.222001221958745,0.0004800449257449741,32344,H,2025-05-13 07:20:00+00:00,2025-05-12 20:25:00+00:00,H,7.299999999998974,9.699999999999154,8.79999999999955,18.67476409055607
32610,32773,short,1.32975,1.3332899999999999,1.3331899999999999,1.32631,224427.56075700145,-816.9163211554576,False,SL,0.0045200000000000795,50.992644885000196,0.0006041752054250903,32608,H,2025-05-14 08:00:00+00:00,2025-05-13 18:25:00+00:00,H,15.899999999999803,14.133333333333406,16.39999999999975,51.29586305207094
32786,32836,short,1.33478,1.3312200000000003,1.3383399999999999,1.3312200000000003,214567.87803161552,742.4048579893437,True,TP,0.0012499999999999734,40.10529154580512,0.001024034674284403,32784,H,2025-05-14 13:15:00+00:00,2025-05-14 09:05:00+00:00,H,52.90000000000017,55.033333333334156,37.833333333333606,38.93714375510881
32841,32852,short,1.33218,1.32876,1.3356,1.32876,225522.13285742787,748.7334810866557,True,TP,0.000740000000000185,20.065328025116997,0.000801291038333701,32839,H,2025-05-14 14:35:00+00:00,2025-05-14 13:40:00+00:00,H,17.700000000000493,23.899999999999665,23.533333333332816,19.07071368303103
32857,32905,short,1.3296,1.3254199999999998,1.33378,1.3254199999999998,186309.33712517982,760.1420954707472,True,TP,0.0015000000000000568,35.76409497779378,0.0010276822510518382,32855,H,2025-05-14 19:00:00+00:00,2025-05-14 15:00:00+00:00,H,22.500000000000853,29.533333333334372,22.250000000001066,35.66119431953968
32905,33044,short,1.32554,1.3300599999999998,1.3299599999999998,1.32112,177912.77152443348,-821.9570044428574,False,SL,0.0044200000000000905,51.74587415679521,0.000683659678743406,32903,H,2025-05-15 06:35:00+00:00,2025-05-14 19:00:00+00:00,H,11.200000000000099,11.79999999999959,12.199999999999989,51.33937320043436
33077,33314,short,1.32907,1.3322999999999998,1.3321999999999998,1.3259400000000001,248611.78277750162,-827.8772366490416,False,SL,0.003730000000000011,19.096954865717894,0.0007908957078522722,33075,H,2025-05-16 05:05:00+00:00,2025-05-15 09:20:00+00:00,H,11.999999999998678,17.266666666665802,25.749999999999574,20.10113310874623
33338,33370,short,1.33279,1.32943,1.33615,1.32943,229129.793966383,746.9631283304153,True,TP,0.0001100000000000545,18.961503334951473,0.0005611906142732864,33336,H,2025-05-16 09:45:00+00:00,2025-05-16 07:05:00+00:00,H,9.500000000000064,11.899999999998764,10.983333333332013,20.54962519933184
33400,33446,short,1.32835,1.3249,1.3317999999999999,1.3249,225317.60551025168,754.8139784593326,True,TP,0.0015500000000001624,29.77600698162801,0.0006063085259399033,33398,H,2025-05-16 16:05:00+00:00,2025-05-16 12:15:00+00:00,H,8.999999999999009,16.999999999998867,16.733333333333047,28.65848251902071
33447,33505,short,1.32535,1.32957,1.32947,1.3212300000000001,190508.22300848787,-822.9955233966468,False,SL,0.0046399999999999775,29.561232693533913,0.0008211221607536321,33445,H,2025-05-18 23:10:00+00:00,2025-05-16 16:10:00+00:00,H,11.400000000001409,13.80000000000085,19.166666666667147,29.060531737840122
33523,33602,short,1.33058,1.33402,1.33392,1.3272400000000002,232534.10885060127,-823.1707453311024,False,SL,0.0034199999999999786,28.76320693414442,0.0005805012391599194,33521,H,2025-05-19 07:15:00+00:00,2025-05-19 00:40:00+00:00,H,16.20000000000177,15.500000000000142,11.466666666667402,27.553440911364778
33676,34096,short,1.33681,1.3406799999999999,1.3405799999999999,1.3330400000000002,203828.17403387497,-809.1978509144466,False,SL,0.003989999999999938,20.386051946079657,0.0007826223386088205,33674,H,2025-05-21 00:25:00+00:00,2025-05-19 13:25:00+00:00,H,9.799999999999809,13.59999999999954,13.449999999999667,20.25052362843837
34176,34765,short,1.34329,1.3487799999999999,1.3486799999999999,1.3379000000000003,141064.97914630052,-788.5532334277879,False,SL,0.005509999999999904,40.56375535706301,0.0009872971239489891,34174,H,2025-05-23 08:10:00+00:00,2025-05-21 07:05:00+00:00,H,34.79999999999927,36.89999999999897,26.366666666666575,46.65412280670119
34847,34878,short,1.34969,1.3531,1.353,1.3463800000000001,227327.70551790594,-797.9202463678301,False,SL,0.003390000000000004,11.924863563010115,0.000906498605816783,34845,H,2025-05-23 17:35:00+00:00,2025-05-23 15:00:00+00:00,H,21.999999999999797,33.39999999999899,40.18333333333309,13.673276405527918
34926,34965,short,1.35248,1.35689,1.35679,1.3481699999999999,172732.1352205492,-779.0219298446812,False,SL,0.0044200000000000905,18.662140175103264,0.0006068890095481041,34924,H,2025-05-26 01:35:00+00:00,2025-05-25 22:20:00+00:00,H,18.400000000000638,16.300000000000946,13.083333333333927,18.454840919897645
34976,35295,short,1.3584,1.3547000000000002,1.3620999999999999,1.3547000000000002,199104.13067626036,716.7748704345004,True,TP,0.0008999999999999009,42.18807356012006,0.0007043401062469428,34974,H,2025-05-27 05:05:00+00:00,2025-05-26 02:30:00+00:00,H,12.499999999999734,19.933333333332914,15.83333333333344,44.588273478066625
35322,35416,short,1.35496,1.3512,1.35872,1.3512,197833.25324640275,724.0697068818312,True,TP,0.0015600000000000058,24.76245579960242,0.0007288259841226241,35320,H,2025-05-27 15:10:00+00:00,2025-05-27 07:20:00+00:00,H,11.200000000000099,16.466666666666484,17.54999999999951,25.37334077275653
35430,35580,short,1.35067,1.3471400000000002,1.3541999999999998,1.3471400000000002,212774.42755675066,729.8162865196146,True,TP,0.0015300000000000313,46.14519683219764,0.0007486212696888723,35428,H,2025-05-28 04:50:00+00:00,2025-05-27 16:20:00+00:00,H,12.999999999998568,18.533333333332624,23.883333333333628,46.31512542415561
35668,35805,short,1.347,1.3426,1.3514,1.3426,172361.79366829383,741.1557127736565,True,TP,0.0019000000000000128,43.95883699434321,0.0006725117236981572,35666,H,2025-05-28 23:35:00+00:00,2025-05-28 12:10:00+00:00,H,4.300000000001525,18.700000000001122,19.050000000000455,42.41136958021825
35806,35935,short,1.34147,1.3484999999999998,1.3483999999999998,1.33454,110505.54823495464,-787.9045589152121,False,SL,0.006940000000000168,47.13705181916363,0.0007459617347410281,35804,H,2025-05-29 10:25:00+00:00,2025-05-28 23:40:00+00:00,H,8.700000000001484,9.099999999999664,9.716666666666299,40.54705814554659
35973,36266,short,1.34925,1.3448400000000003,1.3536599999999999,1.3448400000000003,171864.9441449216,740.7379092645783,True,TP,0.0018499999999999073,29.703964457194992,0.0008548234900480591,35971,H,2025-05-30 14:00:00+00:00,2025-05-29 13:35:00+00:00,H,17.599999999999838,26.299999999999102,18.883333333332327,31.014810289541888
36288,36453,short,1.34705,1.3510699999999998,1.3509699999999998,1.3431300000000004,195237.69968667714,-804.3793227090493,False,SL,0.0042599999999999305,13.35708677891698,0.0008381582218902745,36286,H,2025-06-02 06:15:00+00:00,2025-05-30 15:50:00+00:00,H,10.299999999998644,20.199999999999108,27.29999999999899,15.377931561866227
36564,36765,short,1.35461,1.3507600000000002,1.35846,1.3507600000000002,196698.1791025048,737.6181716343751,True,TP,0.0012900000000000134,28.937302207671603,0.0007388563171761367,36562,H,2025-06-03 08:15:00+00:00,2025-06-02 15:30:00+00:00,H,7.600000000000939,21.100000000000563,26.366666666666575,31.80540910025434
36812,36970,short,1.3493,1.3536499999999998,1.3535499999999998,1.34505,179920.98147317496,-800.6483675556024,False,SL,0.004390000000000116,29.44305591689762,0.0006716645447616574,36810,H,2025-06-04 01:20:00+00:00,2025-06-03 12:10:00+00:00,H,12.499999999999734,18.366666666667086,19.60000000000036,27.253812274686233
36993,37123,short,1.35263,1.35591,1.35581,1.34945,237942.6690520197,-804.2462213958146,False,SL,0.004189999999999916,18.310633369941897,0.00045216933154129186,36991,H,2025-06-04 14:05:00+00:00,2025-06-04 03:15:00+00:00,H,4.899999999998794,15.433333333333039,12.450000000000147,20.80615081500985
37262,37392,short,1.35463,1.3587099999999999,1.3586099999999999,1.3506500000000001,188094.2777315274,-786.2340809177584,False,SL,0.004790000000000072,16.144022857447922,0.0005499093952496531,37260,H,2025-06-05 12:30:00+00:00,2025-06-05 01:40:00+00:00,H,7.099999999999884,11.033333333333081,10.566666666666686,13.545782167432032
37426,37604,short,1.35933,1.35581,1.36285,1.35581,210441.16038701258,719.7087685235762,True,TP,0.00046999999999997044,16.219047461761665,0.0008908813426032956,37424,H,2025-06-06 06:10:00+00:00,2025-06-05 15:20:00+00:00,H,16.700000000000603,17.633333333333386,21.56666666666622,15.923836884526851
37615,38062,short,1.35445,1.35872,1.35862,1.35028,179364.50173801245,-783.8228725951137,False,SL,0.011680000000000135,43.55032460646148,0.0006429290890794104,37613,H,2025-06-09 21:05:00+00:00,2025-06-06 07:05:00+00:00,H,14.199999999999768,15.533333333332216,12.94999999999898,41.24902858310633
38068,38178,short,1.35455,1.3497999999999999,1.3593,1.3497999999999999,155812.9986361173,724.5304436579504,True,TP,0.0018500000000001293,48.75920567696897,0.002156426098511584,38066,H,2025-06-10 06:45:00+00:00,2025-06-09 21:35:00+00:00,H,159.7000000000004,174.33333333333408,90.66666666666704,45.51293487884279
38190,38222,short,1.34668,1.3504399999999999,1.3503399999999999,1.3430200000000003,204195.91474267418,-788.1962309066741,False,SL,0.0036999999999998145,56.30132299623479,0.0008590204939670966,38188,H,2025-06-10 10:25:00+00:00,2025-06-10 07:45:00+00:00,H,18.899999999999473,43.86666666666687,28.416666666667055,56.23415905966042
38249,38410,short,1.35063,1.3473300000000001,1.3539299999999999,1.3473300000000001,224083.35928760804,717.066749720314,True,TP,0.003049999999999997,23.00423232415771,0.0006799470364930299,38247,H,2025-06-11 02:05:00+00:00,2025-06-10 12:40:00+00:00,H,11.999999999998678,15.766666666665595,14.183333333333364,23.943931952011745
38415,38535,short,1.34785,1.3513199999999999,1.3512199999999999,1.3444800000000001,221556.6033075092,-790.9570738077773,False,SL,0.006259999999999932,39.93644817495523,0.0004838852555443386,38413,H,2025-06-11 12:30:00+00:00,2025-06-11 02:30:00+00:00,H,9.200000000000319,11.133333333332994,11.650000000000086,39.82224567204841
38545,38594,short,1.35204,1.3561199999999998,1.3560199999999998,1.34806,185612.10613271952,-775.8586036347419,False,SL,0.0041800000000000725,20.91115710749973,0.001044361527055908,38543,H,2025-06-11 17:25:00+00:00,2025-06-11 13:20:00+00:00,H,19.199999999999218,40.86666666666646,28.38333333333313,20.86928430779849
38705,38764,short,1.35736,1.35385,1.3608699999999998,1.35385,208255.72546207212,710.1520238256455,True,TP,0.0016400000000000858,26.99403151976356,0.0005972452591206208,38703,H,2025-06-12 07:35:00+00:00,2025-06-12 02:40:00+00:00,H,10.699999999999044,18.566666666666176,17.316666666666126,28.703436880809928
38839,38999,short,1.35928,1.3545000000000003,1.3640599999999998,1.3545000000000003,154409.85703141056,722.6381309069681,True,TP,0.0039599999999999635,33.126910477218566,0.0009922325446224069,38837,H,2025-06-13 03:15:00+00:00,2025-06-12 13:50:00+00:00,H,17.599999999999838,31.26666666666722,27.583333333333808,35.896588351427546
39003,39143,short,1.35434,1.35838,1.35828,1.3504000000000003,189163.83195919052,-783.138264311015,False,SL,0.00478999999999985,30.85171303974552,0.0007630109304505703,39001,H,2025-06-13 15:15:00+00:00,2025-06-13 03:35:00+00:00,H,8.20000000000043,12.200000000000728,12.466666666666553,30.701219166377594
39178,39249,short,1.35781,1.35401,1.36161,1.35401,194072.13559896417,718.0669017161724,True,TP,0.00012999999999996348,24.426382602641617,0.0005711039862705652,39176,H,2025-06-16 03:00:00+00:00,2025-06-13 18:10:00+00:00,H,14.100000000001334,19.63333333333391,27.433333333333564,26.120125182290973
39249,39294,short,1.35437,1.3580199999999998,1.3579199999999998,1.3508200000000004,209761.91106853218,-786.6071665069346,False,SL,0.003730000000000011,18.673699185078796,0.000524489713776675,39247,H,2025-06-16 06:45:00+00:00,2025-06-16 03:00:00+00:00,H,7.199999999998319,11.433333333332001,12.083333333332186,16.58321913983759
39322,39381,short,1.35812,1.3616,1.3615,1.35474,217984.82622135343,-780.3856778724295,False,SL,0.003649999999999931,26.629236248693058,0.0006414788151852496,39320,H,2025-06-16 14:00:00+00:00,2025-06-16 09:05:00+00:00,H,8.099999999999774,11.633333333333312,11.63333333333405,28.236986851582234
39501,39673,short,1.35611,1.35202,1.3601999999999999,1.35202,178235.9060756601,711.1612652418709,True,TP,0.0018100000000000893,33.51258613637668,0.0005809812290531056,39499,H,2025-06-17 14:20:00+00:00,2025-06-17 00:00:00+00:00,H,4.999999999999449,10.866666666666802,13.91666666666717,30.492097761958625
39684,39702,short,1.35124,1.3475400000000002,1.3549399999999998,1.3475400000000002,198944.99148699798,716.2019693531558,True,TP,0.00043999999999999595,47.285040290707656,0.0008382358699528667,39682,H,2025-06-17 16:45:00+00:00,2025-06-17 15:15:00+00:00,H,24.799999999998157,38.866666666665196,29.383333333332654,48.29371834662654
39720,40100,short,1.34373,1.3396700000000004,1.3477899999999998,1.3396700000000004,183068.59315158534,724.9516288802286,True,TP,0.0039399999999998325,61.87631256212368,0.0009440722066900368,39718,H,2025-06-19 01:55:00+00:00,2025-06-17 18:15:00+00:00,H,15.399999999998748,24.29999999999858,32.59999999999893,61.592238071802505
40122,40201,short,1.3403,1.3437,1.3436,1.3370000000000002,227426.6680255217,-795.9933380892913,False,SL,0.0037000000000000366,25.784154939007845,0.0004699808210047093,40120,H,2025-06-19 10:20:00+00:00,2025-06-19 03:45:00+00:00,H,20.000000000000018,20.999999999999904,17.533333333333104,27.915162181698786
40223,40358,short,1.34347,1.3479599999999998,1.3478599999999998,1.33908,169145.34649278235,-776.3771404018512,False,SL,0.004450000000000065,22.10035259853386,0.0009313462645573544,40221,H,2025-06-19 23:25:00+00:00,2025-06-19 12:10:00+00:00,H,20.599999999999508,30.166666666665936,27.766666666665756,24.406451638045755
40388,40604,short,1.348,1.3444000000000003,1.3516,1.3444000000000003,204106.74991647602,714.3736247076305,True,TP,0.0031999999999998696,23.78637907281869,0.0005099693069644078,40386,H,2025-06-20 19:55:00+00:00,2025-06-20 01:55:00+00:00,H,9.00000000000123,10.000000000000378,11.599999999999758,26.6740082456852
40609,40617,short,1.34448,1.34066,1.3482999999999998,1.34066,194221.99893883956,722.5058360524704,True,TP,0.002020000000000133,29.144004886293047,0.0005023669262436091,40607,H,2025-06-22 21:00:00+00:00,2025-06-20 20:20:00+00:00,H,7.0000000000014495,8.066666666666222,9.283333333332719,26.32567798344739
40627,40755,short,1.3423,1.3386600000000002,1.34594,1.3386600000000002,205811.2896447546,728.5719653424036,True,TP,0.0025800000000000267,23.884164111997173,0.0008682572497633743,40625,H,2025-06-23 09:10:00+00:00,2025-06-22 22:30:00+00:00,H,32.70000000000106,35.33333333333388,21.70000000000005,25.817967434007553
40805,40809,short,1.3394,1.3426999999999998,1.3425999999999998,1.3362,236387.12936260438,-803.7162398328214,False,SL,0.0032000000000000917,15.734278210348574,0.0008072781874055055,40803,H,2025-06-23 13:40:00+00:00,2025-06-23 13:20:00+00:00,H,23.499999999998522,25.066666666666567,20.366666666666866,17.01363247565927
40844,40856,short,1.34809,1.3523399999999999,1.3522399999999999,1.3439400000000001,180337.74736433668,-784.4692010348402,False,SL,0.004210000000000047,44.04942021600387,0.0008589945746048284,40842,H,2025-06-23 17:35:00+00:00,2025-06-23 16:35:00+00:00,H,10.399999999999299,25.200000000000035,32.833333333333044,49.39082366424555
40941,41008,short,1.35488,1.3581299999999998,1.3580299999999998,1.3517300000000003,235097.44747672442,-787.5764490469688,False,SL,0.003369999999999873,13.104279263487866,0.0006654449517750602,40939,H,2025-06-24 06:15:00+00:00,2025-06-24 00:40:00+00:00,H,13.300000000000534,18.633333333334022,15.566666666666878,14.10125828789323
41022,41049,short,1.35834,1.36184,1.36174,1.3549400000000003,215494.46913564403,-775.7800888882833,False,SL,0.0034599999999997966,24.407469080976224,0.0007469992618469837,41020,H,2025-06-24 09:40:00+00:00,2025-06-24 07:25:00+00:00,H,15.899999999999803,14.333333333332495,16.199999999999548,27.2790375113597
41255,41443,short,1.36198,1.3655199999999998,1.3654199999999999,1.35854,210733.5448175284,-767.0701031357773,False,SL,0.0036000000000000476,17.344801878572166,0.00045816282773834127,41253,H,2025-06-25 18:30:00+00:00,2025-06-25 02:50:00+00:00,H,7.200000000000539,11.43333333333348,11.733333333333595,19.69340502888085
41460,41473,short,1.36648,1.36289,1.37007,1.36289,199791.83652950413,697.2735094879658,True,TP,0.000320000000000098,59.943555468331084,0.000489814135530371,41458,H,2025-06-25 21:00:00+00:00,2025-06-25 19:55:00+00:00,H,5.699999999999594,14.900000000000654,14.88333333333425,63.23099790158167
41474,41538,short,1.36444,1.3696899999999999,1.3695899999999999,1.3592900000000003,140626.29674482113,-752.3506875847585,False,SL,0.005279999999999951,39.50113245725994,0.0029960197301565844,41472,H,2025-06-26 02:25:00+00:00,2025-06-25 21:05:00+00:00,H,6.900000000000794,9.80000000000055,8.383333333333484,31.302231404077993
41551,41606,short,1.37067,1.3748999999999998,1.3747999999999998,1.3665400000000003,173535.57417917496,-751.4090361957814,False,SL,0.0044800000000000395,40.55867435187884,0.0005977457614298949,41549,H,2025-06-26 08:05:00+00:00,2025-06-26 03:30:00+00:00,H,9.099999999999664,20.266666666666953,22.03333333333335,41.46493616084121
41814,42009,short,1.3728,1.3694000000000002,1.3761999999999999,1.3694000000000002,208584.65617588893,688.3293653804017,True,TP,0.002429999999999932,16.00765938364068,0.0005377153554949915,41812,H,2025-06-27 17:40:00+00:00,2025-06-27 01:25:00+00:00,H,10.399999999999299,11.599999999999758,10.016666666666415,17.91766779454367
42015,42062,short,1.36891,1.3726999999999998,1.3725999999999998,1.3652200000000003,194057.21535280306,-754.8825677223531,False,SL,0.0037199999999999456,29.57209759216277,0.0007338225374054842,42013,H,2025-06-29 22:50:00+00:00,2025-06-27 18:10:00+00:00,H,12.199999999999989,19.46666666666763,14.233333333334059,27.193626189921176
42075,42239,short,1.3718,1.36829,1.3753099999999998,1.36829,201858.20483606576,688.3364784909645,True,TP,0.0022300000000001763,22.078938204968516,0.0004378445763109149,42073,H,2025-06-30 13:35:00+00:00,2025-06-29 23:55:00+00:00,H,2.2999999999995246,4.900000000000275,6.350000000000153,25.235702831914136
42243,42267,short,1.3686,1.3720999999999999,1.3719999999999999,1.3652000000000002,210413.43051750376,-757.4883498629791,False,SL,0.0037000000000000366,32.55306952306031,0.0007314812935814965,42241,H,2025-06-30 15:55:00+00:00,2025-06-30 13:55:00+00:00,H,13.000000000000789,11.866666666667433,10.650000000000196,30.885659103105123
42411,42470,short,1.37374,1.37767,1.37757,1.36991,184812.214167324,-744.7932230943137,False,SL,0.0045800000000000285,22.79602823135494,0.00047439716607104916,42409,H,2025-07-01 08:50:00+00:00,2025-07-01 03:55:00+00:00,H,9.099999999999664,15.299999999998832,14.03333333333238,23.85753738642748
42481,42522,short,1.37738,1.3735600000000001,1.3812,1.3735600000000001,183346.2952957905,682.0482185003287,True,TP,0.0015199999999999658,31.285919819094374,0.0008321048889860236,42479,H,2025-07-01 13:10:00+00:00,2025-07-01 09:45:00+00:00,H,16.700000000000603,15.03333333333338,15.799999999999889,31.057237948057207
42524,42763,short,1.37305,1.3688200000000004,1.3772799999999998,1.3688200000000004,167187.54851417392,690.4845753634937,True,TP,0.0022499999999998632,40.035027088783146,0.0007115176615140687,42522,H,2025-07-02 09:15:00+00:00,2025-07-01 13:20:00+00:00,H,2.8999999999990145,8.799999999999919,15.016666666666232,36.596955958334554
42763,42796,short,1.36905,1.3650500000000003,1.3730499999999999,1.3650500000000003,178527.04399214624,696.2554715693313,True,TP,0.0022399999999997977,56.456717719152685,0.0006519262601050533,42761,H,2025-07-02 12:00:00+00:00,2025-07-02 09:15:00+00:00,H,7.600000000000939,18.566666666667654,12.850000000000918,53.762084578148304
42801,42804,short,1.36533,1.36093,1.36973,1.36093,163879.7115191468,704.6827595323246,True,TP,0.0,37.39918707993908,0.0013848563375296061,42799,H,2025-07-02 12:40:00+00:00,2025-07-02 12:25:00+00:00,H,32.90000000000015,42.16666666666609,26.466666666666857,34.70282602863711
42811,42912,short,1.35956,1.3654199999999999,1.3653199999999999,1.3538000000000003,126409.29831242921,-753.3994179420471,False,SL,0.007079999999999975,50.92837769893339,0.0015770940120578476,42809,H,2025-07-02 21:40:00+00:00,2025-07-02 13:15:00+00:00,H,26.500000000000412,58.70000000000042,50.43333333333325,50.187609180337724
42939,43090,short,1.36487,1.3616000000000001,1.36814,1.3616000000000001,220361.94620800234,698.5473694793419,True,TP,0.002729999999999899,28.285838517442695,0.0004652024979847771,42937,H,2025-07-03 12:30:00+00:00,2025-07-02 23:55:00+00:00,H,5.399999999999849,13.86666666666647,21.78333333333319,30.11327272531599
43090,44828,short,1.35876,1.3486200000000002,1.3688999999999998,1.3486200000000002,71752.37059121784,720.3938007358139,True,TP,0.009479999999999933,18.343648757025143,0.0010969068204605996,43088,H,2025-07-11 14:05:00+00:00,2025-07-03 12:30:00+00:00,H,5.999999999999339,7.933333333333496,14.216666666666546,12.698468538166946
44845,45005,short,1.35051,1.3467400000000003,1.35428,1.3467400000000003,194899.99358151908,715.2829764441418,True,TP,0.0011999999999998678,17.527834666243972,0.000822049821010237,44843,H,2025-07-14 05:35:00+00:00,2025-07-11 15:30:00+00:00,H,32.7999999999995,31.433333333333497,22.266666666666733,19.800727232209333
45046,45132,short,1.34721,1.34295,1.35147,1.34295,174160.98722224112,724.509706844511,True,TP,0.0021400000000000308,30.609136693743967,0.0005850987827390255,45044,H,2025-07-14 16:10:00+00:00,2025-07-14 09:00:00+00:00,H,5.9000000000009045,8.700000000000744,17.300000000000463,33.343666055912806
45137,45392,short,1.34355,1.3401,1.347,1.3401,217150.9862710697,727.4558040080733,True,TP,0.003149999999999986,35.28607348694507,0.0007450778329461442,45135,H,2025-07-15 13:50:00+00:00,2025-07-14 16:35:00+00:00,H,15.000000000000568,25.866666666666628,27.250000000000142,35.27888789800142
45410,45697,short,1.33943,1.3429699999999998,1.3428699999999998,1.33599,219896.9362428156,-800.4248479238216,False,SL,0.007440000000000113,37.87474929965733,0.0008747637211318329,45408,H,2025-07-16 15:15:00+00:00,2025-07-15 15:20:00+00:00,H,14.699999999998603,14.299999999998944,21.34999999999998,37.546514172561196
45710,46511,short,1.34248,1.3477599999999998,1.3476599999999999,1.3373,144486.72050116377,-777.3385562962541,False,SL,0.0053200000000002134,34.00741261655092,0.0017779566245204523,45708,H,2025-07-21 11:50:00+00:00,2025-07-16 16:20:00+00:00,H,49.29999999999879,85.46666666666628,64.18333333333341,37.964362957279086
46523,46844,short,1.3478,1.3512399999999998,1.3511399999999998,1.3444600000000004,221756.83432129704,-785.0191934973174,False,SL,0.0041999999999999815,34.71937767695177,0.0005813214943927278,46521,H,2025-07-22 15:35:00+00:00,2025-07-21 12:50:00+00:00,H,7.399999999999629,8.766666666667108,10.766666666666888,36.36141303780202
46873,47114,short,1.35208,1.3556899999999998,1.3555899999999999,1.34857,208779.9529054438,-774.5736252791737,False,SL,0.003650000000000153,40.48080423076967,0.0005660625617284977,46871,H,2025-07-23 14:05:00+00:00,2025-07-22 18:00:00+00:00,H,0.8999999999992347,4.133333333333026,11.31666666666605,43.02628749454538
47147,47425,short,1.35565,1.3519500000000002,1.3593499999999998,1.3519500000000002,195965.37795819782,705.4753606494758,True,TP,0.003169999999999895,17.96976775441375,0.0008021342037384662,47145,H,2025-07-24 16:00:00+00:00,2025-07-23 16:50:00+00:00,H,10.599999999998388,21.633333333332946,22.30000000000028,20.233731090453237
47457,47577,short,1.35186,1.3485200000000002,1.3552,1.3485200000000002,219199.59642269835,710.2066924095204,True,TP,0.000140000000000029,14.12665275678424,0.0005128948020937012,47455,H,2025-07-25 04:40:00+00:00,2025-07-24 18:40:00+00:00,H,8.300000000001084,11.20000000000084,11.166666666667288,13.688297446887612
47607,47631,short,1.3489,1.3455000000000001,1.3522999999999998,1.3455000000000001,217420.21146350552,717.486697829535,True,TP,0.000320000000000098,18.13366547705052,0.0006310762330677032,47605,H,2025-07-25 09:10:00+00:00,2025-07-25 07:10:00+00:00,H,12.999999999998568,20.133333333332743,16.899999999999693,17.733943940997445
47637,47673,short,1.34606,1.3428700000000002,1.3492499999999998,1.3428700000000002,233982.31534615258,723.0053544195657,True,TP,0.00036999999999998145,26.206749170926017,0.0006154102853551308,47635,H,2025-07-25 12:40:00+00:00,2025-07-25 09:40:00+00:00,H,4.199999999998649,13.066666666665673,12.299999999998795,27.739639662337872
47679,48011,short,1.34189,1.3371800000000003,1.3465999999999998,1.3371800000000003,160007.14214403683,737.6329252839729,True,TP,0.003409999999999913,44.98495919967218,0.0008358301723347556,47677,H,2025-07-28 17:15:00+00:00,2025-07-25 13:10:00+00:00,H,14.999999999998348,19.26666666666632,18.150000000000478,42.719244940958475
48030,48183,short,1.3352,1.33167,1.33873,1.33167,215583.5605527505,739.4516126959414,True,TP,0.001100000000000101,67.5141415583498,0.0004731802105647637,48028,H,2025-07-29 07:35:00+00:00,2025-07-28 18:50:00+00:00,H,11.699999999998933,27.233333333333366,18.833333333333112,69.33463241707942
48238,48489,short,1.33372,1.3375,1.3374,1.3300400000000001,208805.5665429879,-810.1655981867709,False,SL,0.0040999999999999925,28.90271904220495,0.000726295361868533,48236,H,2025-07-30 09:05:00+00:00,2025-07-29 12:10:00+00:00,H,13.300000000000534,20.966666666667837,16.933333333333987,29.07415607408773
48532,48605,short,1.3326,1.326,1.3392,1.326,115197.39831762349,748.7830890645457,True,TP,0.0004999999999999449,30.339607428716814,0.0009251310384976001,48530,H,2025-07-30 18:45:00+00:00,2025-07-30 12:40:00+00:00,H,6.00000000000156,12.733333333334594,12.150000000000773,25.824842748269536
48612,48751,short,1.32361,1.3282299999999998,1.3281299999999998,1.31909,169865.1902183579,-801.7636978306232,False,SL,0.004610000000000003,29.913138739910487,0.0010681575925407514,48610,H,2025-07-31 06:55:00+00:00,2025-07-30 19:20:00+00:00,H,20.299999999999763,42.933333333334076,28.216666666667223,31.55536994895818
48756,48793,short,1.32616,1.32146,1.33086,1.32146,161653.83464014024,743.6076393446333,True,TP,2.999999999997449e-05,15.217868582079278,0.0006693688005685264,48754,H,2025-07-31 10:25:00+00:00,2025-07-31 07:20:00+00:00,H,13.600000000000279,12.933333333332945,10.449999999999626,14.535561987515312
48819,49053,short,1.3223,1.3181500000000002,1.32645,1.3181500000000002,184869.6624583413,748.7221329562594,True,TP,0.0016199999999999548,25.253618702735217,0.0008272200037520803,48817,H,2025-08-01 08:05:00+00:00,2025-07-31 12:35:00+00:00,H,9.500000000000064,13.266666666666984,15.116666666667257,22.370502842089444
49068,49106,short,1.31482,1.3197999999999999,1.3196999999999999,1.3099400000000003,158749.24601059261,-806.4461697337729,False,SL,0.011050000000000004,46.756403228709644,0.0006841559847214429,49066,H,2025-08-01 12:30:00+00:00,2025-08-01 09:20:00+00:00,H,10.999999999998789,29.166666666666046,22.133333333333265,43.72478387932009
49116,49141,short,1.32906,1.3249799999999998,1.33314,1.3249799999999998,187899.9654005644,747.841862294262,True,TP,0.0019700000000000273,44.40200225969851,0.0018216832886916118,49114,H,2025-08-01 15:25:00+00:00,2025-08-01 13:20:00+00:00,H,30.400000000001537,74.23333333333485,46.28333333333419,42.03807039581393
49141,49350,short,1.32459,1.33032,1.33022,1.31896,137497.38498352712,-801.6097544539649,False,SL,0.005840000000000067,27.358078263556827,0.0013692143378012307,49139,H,2025-08-04 09:35:00+00:00,2025-08-01 15:25:00+00:00,H,16.899999999999693,21.90000000000062,26.0000000000001,29.988294578057697
49380,49408,short,1.32873,1.3330099999999998,1.3329099999999998,1.3245500000000001,183276.11959635137,-802.7494038319896,False,SL,0.004290000000000127,18.148379485825362,0.0007678426233629863,49378,H,2025-08-04 14:25:00+00:00,2025-08-04 12:05:00+00:00,H,30.09999999999957,37.40000000000003,33.483333333333235,18.945479023220333
49537,49947,short,1.32888,1.3330199999999999,1.3329199999999999,1.3248400000000002,187640.26878080075,-795.5947396305596,False,SL,0.004129999999999967,17.823437110477993,0.0004897875504695831,49535,H,2025-08-06 11:20:00+00:00,2025-08-05 01:10:00+00:00,H,11.200000000000099,13.733333333333746,12.666666666666751,19.220791147172523
50053,50231,short,1.33547,1.3392,1.3391,1.33184,206642.07671572763,-791.4391538212391,False,SL,0.007330000000000059,15.370689149043042,0.00044294025455390835,50051,H,2025-08-07 11:00:00+00:00,2025-08-06 20:10:00+00:00,H,8.00000000000134,6.933333333334346,10.066666666667482,15.688678491334604
50260,50705,short,1.34247,1.34622,1.34612,1.3388200000000001,203341.46491504041,-782.8646399228893,False,SL,0.0037000000000000366,25.885637542923043,0.0009641909513653449,50258,H,2025-08-11 03:15:00+00:00,2025-08-07 13:25:00+00:00,H,16.20000000000177,20.400000000001157,34.65000000000089,28.889834483728254
50755,50812,short,1.34584,1.34222,1.3494599999999999,1.34222,202864.0056742164,714.081299973233,True,TP,0.0010900000000000354,32.017119265854646,0.0004958968191776641,50753,H,2025-08-11 12:10:00+00:00,2025-08-11 07:25:00+00:00,H,2.5999999999992696,7.966666666666307,6.349999999999412,31.50464382219855
50827,51047,short,1.3425,1.34574,1.34564,1.33936,236149.20813388718,-788.7383551671618,False,SL,0.003249999999999975,38.32120802699074,0.0005978504877517142,50825,H,2025-08-12 07:45:00+00:00,2025-08-11 13:25:00+00:00,H,2.4000000000001798,16.033333333332532,12.566666666666466,40.753811285735054
51072,51104,short,1.34576,1.3493,1.3492,1.3423200000000002,213261.95639207537,-776.273521267128,False,SL,0.0045399999999999885,21.050516569837523,0.0006016587526929819,51070,H,2025-08-12 12:30:00+00:00,2025-08-12 09:50:00+00:00,H,7.099999999999884,13.86666666666647,13.099999999999964,22.481947582592205
51250,51328,short,1.34998,1.3532,1.3531,1.34686,232646.92140257737,-772.387779056557,False,SL,0.004269999999999996,11.753930907000434,0.00039439666509735906,51248,H,2025-08-13 07:10:00+00:00,2025-08-13 00:40:00+00:00,H,4.00000000000178,7.833333333334321,13.133333333333885,11.996530538838613
51392,51718,short,1.35676,1.3528200000000001,1.3606999999999998,1.3528200000000001,182267.64390495152,699.9077525949832,True,TP,0.0027300000000001212,21.124353398819906,0.0006256533576990179,51390,H,2025-08-14 15:40:00+00:00,2025-08-13 12:30:00+00:00,H,6.999999999999229,7.800000000000029,8.700000000000374,23.01081038253675
51722,51969,short,1.353,1.35679,1.35669,1.34931,196513.16924429103,-764.4362283602843,False,SL,0.0038000000000000256,24.882176042809494,0.0007647757552974054,51720,H,2025-08-15 12:35:00+00:00,2025-08-14 16:00:00+00:00,H,1.0999999999983245,10.033333333333191,15.783333333333482,23.679363399086665
51977,52275,short,1.35564,1.3515,1.35978,1.3515,173306.57783280674,700.1585744445449,True,TP,0.0018700000000000383,10.69033472551577,0.000722821937115055,51975,H,2025-08-18 14:45:00+00:00,2025-08-15 13:15:00+00:00,H,22.800000000000598,21.6666666666665,16.400000000000116,10.686433132102175
52284,52583,short,1.35189,1.3485500000000001,1.35523,1.3485500000000001,216913.4185545787,702.799476116813,True,TP,0.0012499999999999734,30.349840810266812,0.0006285122624945902,52282,H,2025-08-19 16:25:00+00:00,2025-08-18 15:30:00+00:00,H,12.300000000000644,26.000000000000096,18.683333333333977,30.01319718102908
52583,52864,short,1.34862,1.34464,1.3525999999999998,1.34464,183798.69666669908,713.138943066769,True,TP,0.0023300000000001653,41.84982938507523,0.0006158647989737713,52581,H,2025-08-20 15:50:00+00:00,2025-08-19 16:25:00+00:00,H,9.999999999998899,18.733333333332457,15.616666666665722,41.868401488448576
52872,53127,short,1.34594,1.34259,1.3492899999999999,1.34259,220492.59766092972,716.6009423980137,True,TP,0.0023200000000000998,22.709601857534025,0.0006450558781854107,52870,H,2025-08-21 13:45:00+00:00,2025-08-20 16:30:00+00:00,H,0.10000000000065512,8.099999999999774,13.516666666666032,24.669506803993958
53127,53418,short,1.34345,1.34906,1.34896,1.3379400000000001,135356.84420836656,-772.8875804297586,False,SL,0.005579999999999918,19.68237476885136,0.0008231572579876553,53125,H,2025-08-22 14:00:00+00:00,2025-08-21 13:45:00+00:00,H,13.600000000000279,24.39999999999924,19.54999999999929,18.056037688032134
53447,53549,short,1.35294,1.3490300000000002,1.35685,1.3490300000000002,188769.1395866537,719.2104218251238,True,TP,0.0014600000000000168,52.874409846641186,0.0008638002574102115,53445,H,2025-08-25 01:30:00+00:00,2025-08-22 16:25:00+00:00,H,15.199999999999658,18.166666666666515,30.366666666666504,55.61576431782
53557,53607,short,1.34927,1.3525999999999998,1.3524999999999998,1.3460400000000001,230736.66873129297,-791.4267737482965,False,SL,0.0034199999999999786,26.61834097371909,0.00042525119122364735,53555,H,2025-08-25 06:20:00+00:00,2025-08-25 02:10:00+00:00,H,2.9999999999996696,6.833333333333691,12.300000000000274,28.138290036944504
53621,53749,short,1.3509,1.3473700000000002,1.3544299999999998,1.3473700000000002,208885.31792198212,716.4766404723591,True,TP,0.0012099999999999334,22.972791883806995,0.000500802173487333,53619,H,2025-08-25 18:10:00+00:00,2025-08-25 07:30:00+00:00,H,8.299999999998864,14.899999999999912,11.949999999999461,24.676836728803714
53753,54206,short,1.34702,1.3432400000000002,1.3508,1.3432400000000002,196965.59224055603,724.8333794452254,True,TP,0.0023199999999998777,45.40966799499611,0.0005119601998241708,53751,H,2025-08-27 08:15:00+00:00,2025-08-25 18:30:00+00:00,H,8.00000000000134,9.066666666667592,10.816666666666473,42.95607256282918
54343,54600,short,1.34973,1.35289,1.35279,1.3466700000000003,245679.17400776874,-800.9141072652842,False,SL,0.003069999999999906,19.576079283908737,0.0004396146113228074,54341,H,2025-08-28 17:05:00+00:00,2025-08-27 19:40:00+00:00,H,6.900000000000794,10.300000000000864,10.283333333334088,21.186818051176743
54613,54781,short,1.35167,1.34806,1.3552799999999998,1.34806,206030.23030224454,723.1661083608559,True,TP,0.000180000000000069,16.030979214501052,0.0005251654393540595,54611,H,2025-08-29 08:10:00+00:00,2025-08-28 18:10:00+00:00,H,5.800000000000249,11.866666666667433,10.333333333333306,15.692147293601774
54796,54862,short,1.34771,1.3511,1.351,1.34442,228267.71807741193,-796.6543360901686,False,SL,0.003689999999999971,30.377228480650654,0.0005598696719597258,54794,H,2025-08-29 14:55:00+00:00,2025-08-29 09:25:00+00:00,H,10.000000000001119,13.46666666666681,16.083333333333226,30.60903702627612
54869,55042,short,1.35079,1.35414,1.35404,1.34754,228625.92280424392,-788.7594336746333,False,SL,0.003270000000000106,35.08019540310467,0.0007722301879088785,54867,H,2025-09-01 06:40:00+00:00,2025-08-29 15:30:00+00:00,H,30.49999999999997,28.43333333333383,26.116666666667157,35.04330306886719
55081,55336,short,1.35302,1.3496,1.3564399999999999,1.3496,214955.16221551035,713.6511385554898,True,TP,0.002080000000000082,12.21829232066441,0.0005170459449368948,55079,H,2025-09-02 07:10:00+00:00,2025-09-01 09:55:00+00:00,H,11.399999999999189,13.266666666666241,13.183333333332731,12.981995608808528
55336,55397,short,1.34635,1.3364,1.3562999999999998,1.3364,74601.32323242241,734.8230338393536,True,TP,0.0016000000000000458,20.09922464810633,0.0009034803857574427,55334,H,2025-09-02 12:15:00+00:00,2025-09-02 07:10:00+00:00,H,10.999999999998789,13.333333333331865,11.249999999998577,14.346428190271835
55438,55625,short,1.33825,1.33446,1.34204,1.33446,197791.92519815228,729.8522039811741,True,TP,0.0014499999999999513,24.37492226455471,0.0009411245139800072,55436,H,2025-09-03 07:15:00+00:00,2025-09-02 15:40:00+00:00,H,12.399999999999078,21.366666666666017,28.633333333332917,23.843165299280756
55657,55709,short,1.34076,1.3446399999999998,1.3445399999999998,1.33698,200246.0101959847,-796.9791205799958,False,SL,0.00391000000000008,32.622778734166964,0.0008061758336765827,55655,H,2025-09-03 14:15:00+00:00,2025-09-03 09:55:00+00:00,H,15.399999999998748,24.333333333332874,34.9666666666663,33.10499275248083
55721,56225,short,1.34422,1.3476599999999999,1.3475599999999999,1.34088,224239.55908234246,-793.808039151467,False,SL,0.0038800000000001056,27.772037796180413,0.0009310720542165351,55719,H,2025-09-05 09:15:00+00:00,2025-09-03 15:15:00+00:00,H,20.800000000000818,26.73333333333453,22.66666666666713,27.98434350411323
56299,56338,short,1.35311,1.35,1.35622,1.35,238270.75464421193,717.1949714790651,True,TP,0.0012900000000000134,20.408531252571393,0.0009345730985465989,56297,H,2025-09-05 18:40:00+00:00,2025-09-05 15:25:00+00:00,H,28.600000000000847,40.66666666666737,44.650000000000524,21.74695759698935
56345,56547,short,1.35082,1.3542999999999998,1.3541999999999998,1.34744,221359.17060896172,-792.465830780067,False,SL,0.003570000000000073,39.736842020563145,0.0005442980233777373,56343,H,2025-09-08 12:40:00+00:00,2025-09-05 19:15:00+00:00,H,12.999999999998568,11.666666666666123,11.899999999999503,42.478030286490714
56585,56743,short,1.35433,1.3576499999999998,1.3575499999999998,1.3511100000000003,229897.3100467476,-786.2488003598233,False,SL,0.003369999999999873,12.929714694690889,0.0006248338123636724,56583,H,2025-09-09 05:00:00+00:00,2025-09-08 15:50:00+00:00,H,14.499999999999513,13.666666666666643,15.233333333333581,14.641721948216961
56832,56911,short,1.3555,1.3519999999999999,1.359,1.3519999999999999,209259.10009910451,711.4809403369676,True,TP,0.0019400000000000528,34.623657860619964,0.0005806761402104458,56830,H,2025-09-09 19:00:00+00:00,2025-09-09 12:25:00+00:00,H,10.200000000000209,14.866666666666362,18.78333333333352,32.31371413076015
56919,57121,short,1.35205,1.3555899999999999,1.3554899999999999,1.34861,214977.22667159067,-782.5171050845636,False,SL,0.0043599999999999195,26.036121455623274,0.0004538465008331257,56917,H,2025-09-10 12:30:00+00:00,2025-09-09 19:40:00+00:00,H,7.900000000000684,7.133333333333436,10.783333333333665,27.89316330622651
57132,57346,short,1.35432,1.35084,1.3578,1.35084,210257.61169523487,710.6707275298787,True,TP,0.0018100000000000893,27.46853868998848,0.0008704277400868109,57130,H,2025-09-11 07:15:00+00:00,2025-09-10 13:25:00+00:00,H,24.999999999999467,33.733333333332276,21.499999999999485,24.82225657553736
57367,57415,short,1.35087,1.3551,1.355,1.34674,178886.9723909702,-774.580590452893,False,SL,0.005190000000000028,14.248639280581534,0.0005809852929908877,57365,H,2025-09-11 13:00:00+00:00,2025-09-11 09:00:00+00:00,H,7.099999999999884,11.333333333332085,13.483333333332846,11.64936537850628
57425,57919,short,1.35475,1.3586999999999998,1.3585999999999998,1.3509,189885.03638186734,-769.0343973465434,False,SL,0.004150000000000098,23.723234416924942,0.001042374284895779,57423,H,2025-09-15 07:30:00+00:00,2025-09-11 13:50:00+00:00,H,18.000000000000238,27.26666666666766,34.00000000000069,22.825902421722844
57978,58259,short,1.36097,1.3648999999999998,1.3647999999999998,1.3571400000000002,188868.68044301527,-761.1407821853076,False,SL,0.00387000000000004,35.688256677452664,0.0005500596429953338,57976,H,2025-09-16 11:50:00+00:00,2025-09-15 12:25:00+00:00,H,11.999999999998678,13.166666666665586,11.816666666665995,37.80632194281918
58274,58621,short,1.36398,1.36771,1.36761,1.36035,197177.86178370495,-755.1912106315922,False,SL,0.006930000000000103,14.884662056702599,0.0007054216357774315,58272,H,2025-09-17 18:00:00+00:00,2025-09-16 13:05:00+00:00,H,21.700000000000053,22.766666666666307,20.299999999999397,15.193859205552268
58637,58659,short,1.36566,1.3617600000000003,1.3695599999999999,1.3617600000000003,181590.6990175834,690.0446562667792,True,TP,0.0004099999999997994,22.840100194093413,0.001626514632966792,58635,H,2025-09-17 21:10:00+00:00,2025-09-17 19:20:00+00:00,H,40.99999999999993,70.40000000000083,41.30000000000115,24.788899870619446
58663,58763,short,1.3629,1.3593000000000002,1.3664999999999998,1.3593000000000002,198640.0479809,695.2401679331153,True,TP,0.0006099999999999994,18.70414546923871,0.0010243383503357405,58661,H,2025-09-18 05:50:00+00:00,2025-09-17 21:30:00+00:00,H,19.499999999998963,20.666666666665872,24.399999999999608,19.72455327271088
58838,58855,short,1.36151,1.3575000000000002,1.3655199999999998,1.3575000000000002,180063.98364353215,704.0501760461831,True,TP,0.0007900000000000684,23.245501938877705,0.0007729853488471264,58836,H,2025-09-18 13:30:00+00:00,2025-09-18 12:05:00+00:00,H,13.199999999999878,26.200000000000667,19.083333333333638,24.69752903822342
58875,59057,short,1.35473,1.35026,1.3592,1.35026,163108.96558635402,712.7861796123628,True,TP,0.0016000000000000458,35.97367494649697,0.0010291787798412584,58873,H,2025-09-19 06:20:00+00:00,2025-09-18 15:10:00+00:00,H,13.400000000001189,19.966666666666466,34.89999999999956,38.75218071070055
59065,59990,short,1.34927,1.3441,1.3544399999999999,1.3441,142403.2762025409,721.9846103468677,True,TP,0.0043800000000000505,44.146726873469824,0.0008611581754478392,59063,H,2025-09-24 12:50:00+00:00,2025-09-19 07:00:00+00:00,H,17.700000000000493,27.999999999999876,21.250000000000068,42.12186796689352
59994,60274,short,1.34357,1.3393599999999999,1.34778,1.3393599999999999,176590.20999301242,725.7857630712894,True,TP,0.0031400000000001427,35.43977540809061,0.0007198944742060488,59992,H,2025-09-25 12:30:00+00:00,2025-09-24 13:10:00+00:00,H,12.600000000000389,21.766666666665675,18.349999999998833,32.18800714065228
60285,60303,short,1.33856,1.3348600000000002,1.3422599999999998,1.3348600000000002,202892.6058652273,730.4133811147807,True,TP,0.0008600000000000829,58.7571578375031,0.0008398939793081776,60283,H,2025-09-25 14:55:00+00:00,2025-09-25 13:25:00+00:00,H,22.099999999998232,49.86666666666546,29.733333333332354,59.763515172556055
60315,60568,short,1.33481,1.3382999999999998,1.3381999999999998,1.3314200000000003,223600.81873525068,-802.7269392594987,False,SL,0.0039000000000000146,40.64100021558953,0.0007355793870016446,60313,H,2025-09-26 13:00:00+00:00,2025-09-25 15:55:00+00:00,H,10.999999999998789,30.40000000000006,26.366666666666575,42.185796865032515
60607,60750,short,1.34017,1.3438599999999998,1.3437599999999998,1.3365800000000003,208907.9404233722,-791.7610942045283,False,SL,0.0039399999999998325,38.835796109463246,0.0006579500056526741,60605,H,2025-09-29 04:50:00+00:00,2025-09-26 16:15:00+00:00,H,9.599999999998499,14.83333333333207,14.099999999999115,42.633129216432266
60805,61345,short,1.34402,1.3473199999999999,1.3472199999999999,1.3408200000000001,231894.3422430753,-788.4407636264233,False,SL,0.0037800000000001166,16.256958690217875,0.000551060335231602,60803,H,2025-10-01 06:40:00+00:00,2025-09-29 09:25:00+00:00,H,10.200000000000209,15.23333333333395,13.683333333333787,17.002150547205048
61354,61412,short,1.34572,1.3508099999999998,1.3507099999999999,1.3407300000000002,147129.75702235912,-763.6034389460168,False,SL,0.006149999999999878,37.46722805850721,0.0007134057176729713,61352,H,2025-10-01 12:15:00+00:00,2025-10-01 07:25:00+00:00,H,13.099999999999223,17.133333333333812,13.000000000000789,41.30965769270251
61585,61716,short,1.34806,1.3447200000000001,1.3514,1.3447200000000001,217527.38118326603,704.7887150337598,True,TP,0.0029600000000000737,29.341929855801475,0.00038311173792021923,61583,H,2025-10-02 13:35:00+00:00,2025-10-02 02:40:00+00:00,H,4.999999999999449,11.599999999999758,12.300000000000274,32.51008031677558
61717,62771,short,1.34368,1.33831,1.3490499999999999,1.33831,136608.81569877864,719.9284587325462,True,TP,0.005319999999999991,53.730186535913845,0.0006701353215998352,61715,H,2025-10-08 06:10:00+00:00,2025-10-02 13:40:00+00:00,H,9.500000000000064,18.200000000000067,18.483333333333405,50.04516450244084
62813,63066,short,1.34041,1.3364500000000004,1.3443699999999998,1.3364500000000004,187067.83456813078,722.0818414329365,True,TP,0.0034399999999998876,23.198412628290352,0.0006186969115142304,62811,H,2025-10-09 06:45:00+00:00,2025-10-08 09:40:00+00:00,H,10.699999999999044,13.233333333333428,18.98333333333335,24.532669392444426
63073,63165,short,1.33636,1.3324600000000002,1.3402599999999998,1.3324600000000002,191797.29315490226,728.8297139885888,True,TP,0.0031399999999999206,54.94778304359798,0.0006773670021117745,63071,H,2025-10-09 15:00:00+00:00,2025-10-09 07:20:00+00:00,H,15.599999999997838,25.533333333331854,17.266666666665433,54.64816011465476
63166,63404,short,1.33155,1.32648,1.33662,1.32648,148973.9133025599,740.4003491137089,True,TP,0.0014499999999999513,40.499507346578376,0.0009305347252950844,63164,H,2025-10-10 10:55:00+00:00,2025-10-09 15:05:00+00:00,H,30.799999999999716,20.66666666666661,20.316666666666908,38.102994408593396
63438,63452,short,1.32733,1.3308699999999998,1.3307699999999998,1.32389,221715.6232369555,-807.0448685824906,False,SL,0.003610000000000113,15.624625925917089,0.0006929902813966247,63436,H,2025-10-10 14:55:00+00:00,2025-10-10 13:45:00+00:00,H,10.699999999999044,13.566666666666727,12.250000000000318,17.5876747400885
63461,63919,short,1.33354,1.32812,1.33896,1.32812,139230.86628215495,740.7082086210615,True,TP,0.003070000000000128,49.59200221392639,0.0012967469292978092,63459,H,2025-10-14 06:35:00+00:00,2025-10-10 15:40:00+00:00,H,92.60000000000046,72.03333333333376,42.800000000000246,49.29269742026915
63926,64030,short,1.32751,1.3314199999999998,1.3313199999999998,1.3237,200010.07279147345,-802.0403918937801,False,SL,0.003989999999999938,57.97717195209485,0.0008394932607646013,63924,H,2025-10-14 15:50:00+00:00,2025-10-14 07:10:00+00:00,H,8.20000000000043,30.799999999999713,19.583333333332842,54.50591441488299
64074,64202,short,1.33265,1.33622,1.33612,1.3291799999999998,217296.24594136357,-797.4772226048202,False,SL,0.004160000000000164,17.07519170629117,0.0005515630742275849,64072,H,2025-10-15 06:10:00+00:00,2025-10-14 19:30:00+00:00,H,6.200000000000649,6.133333333333546,10.266666666666572,18.896977744090925
64213,64313,short,1.33579,1.3398199999999998,1.3397199999999998,1.3318600000000003,189832.87562100403,-784.0097763147003,False,SL,0.003929999999999989,29.07758775503769,0.0006341417714553413,64211,H,2025-10-15 15:25:00+00:00,2025-10-15 07:05:00+00:00,H,17.199999999999438,19.599999999999614,14.483333333333476,32.54366073242675
64417,64436,short,1.34033,1.3436,1.3435,1.3371600000000001,232871.64145974102,-784.7774317193002,False,SL,0.003269999999999884,10.710785339930721,0.0004072620581266909,64415,H,2025-10-16 01:40:00+00:00,2025-10-16 00:05:00+00:00,H,5.999999999999339,11.966666666665867,12.983333333333272,10.140352053039953
64444,64775,short,1.3435,1.3470499999999999,1.3469499999999999,1.34005,211697.19684352796,-772.6947684788648,False,SL,0.0036200000000001786,52.85443004276527,0.0005027546351673817,64442,H,2025-10-17 05:55:00+00:00,2025-10-16 02:20:00+00:00,H,41.499999999998764,39.43333333333262,26.899999999999334,53.60915700117156
64788,64803,short,1.3452,1.34146,1.3489399999999998,1.34146,193216.14476615,703.306766948758,True,TP,0.000600000000000156,22.719958173813247,0.0005960308577970228,64786,H,2025-10-17 08:15:00+00:00,2025-10-17 07:00:00+00:00,H,9.899999999998244,14.266666666666131,15.3499999999999,24.895548559448137
64818,64883,short,1.34305,1.3391000000000002,1.347,1.3391000000000002,184724.41749237454,711.1890073456232,True,TP,0.0012699999999998823,24.85665146216282,0.0007513079292420206,64816,H,2025-10-17 14:55:00+00:00,2025-10-17 09:30:00+00:00,H,20.999999999999908,23.799999999999745,23.43333333333327,28.321656360376316
64890,64924,short,1.33995,1.34323,1.34313,1.33677,231689.72929821568,-783.1112850279574,False,SL,0.003770000000000051,23.900423686533813,0.0006913299142804872,64888,H,2025-10-17 18:20:00+00:00,2025-10-17 15:30:00+00:00,H,5.300000000001415,10.133333333333846,18.050000000000566,26.02356210699636
64967,65306,short,1.34255,1.3392499999999998,1.34585,1.3392499999999998,220891.58373273312,706.8530679447638,True,TP,0.0017500000000001403,12.033356072640675,0.0003875850359725911,64965,H,2025-10-21 02:35:00+00:00,2025-10-19 22:20:00+00:00,H,7.600000000000939,9.966666666666827,8.649999999999677,13.408296032549591
65307,65635,short,1.33925,1.3355700000000001,1.34293,1.3355700000000001,200002.92309714772,716.01046468777,True,TP,0.0005599999999998939,36.81308739053978,0.00043888486657073255,65305,H,2025-10-22 06:00:00+00:00,2025-10-21 02:40:00+00:00,H,6.300000000001305,7.966666666667788,9.166666666667508,34.20877175231538
65657,65744,short,1.33309,1.3368699999999998,1.3367699999999998,1.3294100000000004,201948.60370772457,-783.5605823859051,False,SL,0.0037999999999998035,34.50330044852568,0.0007728513382401872,65655,H,2025-10-22 15:05:00+00:00,2025-10-22 07:50:00+00:00,H,9.699999999999154,14.933333333333465,12.683333333333158,37.442629518099075
65785,65998,short,1.33592,1.33274,1.3391,1.33274,231237.50183034982,712.2115056374683,True,TP,0.0015799999999999148,16.12052797479956,0.0005243486642307714,65783,H,2025-10-23 12:15:00+00:00,2025-10-22 18:30:00+00:00,H,0.9999999999998899,7.699999999999374,10.116666666665589,16.33566138448382
65998,66289,short,1.33272,1.3372,1.3371,1.3283399999999999,169510.8152686917,-776.3595339306146,False,SL,0.0045800000000000285,27.470441534446483,0.0005317531958435615,65996,H,2025-10-24 12:30:00+00:00,2025-10-23 12:15:00+00:00,H,7.0000000000014495,7.333333333334746,11.966666666668088,26.401244382529224
66298,66316,short,1.33483,1.33076,1.3389,1.33076,180514.4411640218,716.6423314211697,True,TP,0.000220000000000109,43.91733582522079,0.001092138393696071,66296,H,2025-10-24 14:45:00+00:00,2025-10-24 13:15:00+00:00,H,56.0000000000005,45.33333333333278,27.79999999999968,40.27678937297085
66323,66530,short,1.33022,1.3338599999999998,1.3337599999999998,1.32668,209565.02792423998,-783.7732044366294,False,SL,0.0035800000000001386,33.13031276916985,0.0008413048941169276,66321,H,2025-10-27 09:20:00+00:00,2025-10-24 15:20:00+00:00,H,15.600000000000058,39.86666666666731,42.600000000000044,32.567383604484334
66569,66811,short,1.33424,1.3304000000000002,1.33808,1.3304000000000002,191151.68406443938,714.9072984009734,True,TP,0.0027599999999998737,21.104120202596203,0.0005662118365783854,66567,H,2025-10-28 08:45:00+00:00,2025-10-27 12:35:00+00:00,H,14.800000000001479,13.966666666667868,10.366666666666857,23.949093439656238
66819,66864,short,1.33043,1.32694,1.33392,1.32694,212370.06870814573,719.9345329206126,True,TP,0.0024699999999999722,57.91188498826217,0.0006896525615024637,66817,H,2025-10-28 13:10:00+00:00,2025-10-28 09:25:00+00:00,H,9.200000000000319,17.399999999999267,16.966666666666423,56.45391073395313
66951,67057,short,1.32736,1.3238200000000002,1.3309,1.3238200000000002,211404.2048363444,727.2304646369987,True,TP,0.0006499999999998174,14.405795094097906,0.00042730778218348674,66949,H,2025-10-29 05:15:00+00:00,2025-10-28 20:25:00+00:00,H,11.000000000001009,11.000000000001009,11.850000000000286,13.94889149474961
67082,67159,short,1.32302,1.3195400000000004,1.3264999999999998,1.3195400000000004,217138.8476342147,733.9293050035818,True,TP,0.0,33.00469155489003,0.0005188071431299018,67080,H,2025-10-29 13:45:00+00:00,2025-10-29 07:20:00+00:00,H,14.999999999998348,14.666666666666531,12.03333333333371,34.663306670231144
67211,67217,short,1.32199,1.3179800000000002,1.3259999999999998,1.3179800000000002,190269.94583966787,743.9554882330722,True,TP,7.00000000000145e-05,21.42685516008613,0.0007305770083035549,67209,H,2025-10-29 18:35:00+00:00,2025-10-29 18:05:00+00:00,H,15.000000000000568,12.83333333333303,15.399999999999489,19.729652185235537
67218,68246,short,1.31592,1.30678,1.32506,1.30678,84291.25138942845,761.9929125604269,True,TP,0.005980000000000096,30.713538748231592,0.0013866437277841018,67216,H,2025-11-04 09:40:00+00:00,2025-10-29 18:40:00+00:00,H,12.600000000000389,16.533333333333587,15.949999999999761,24.319585132297213
68274,68364,short,1.30583,1.3014500000000002,1.3102099999999999,1.3014500000000002,177635.1522431517,760.2784516006589,True,TP,0.0010099999999999554,36.87958741080494,0.0006386779769972203,68272,H,2025-11-04 19:30:00+00:00,2025-11-04 12:00:00+00:00,H,13.199999999999878,16.333333333333755,24.55000000000059,34.40260757569183
68371,68524,short,1.30138,1.30487,1.30477,1.29799,231753.61396489077,-831.9954741339562,False,SL,0.0034400000000001096,39.59721156020372,0.0005066006681902522,68369,H,2025-11-05 08:50:00+00:00,2025-11-04 20:05:00+00:00,H,1.7000000000000348,7.333333333332526,7.799999999999289,38.96853567056306
68534,68812,short,1.30372,1.3075999999999999,1.3074999999999999,1.29994,205641.48058192135,-818.453092716023,False,SL,0.004029999999999978,23.491049922749937,0.0006165050824722865,68532,H,2025-11-06 08:50:00+00:00,2025-11-05 09:40:00+00:00,H,12.499999999999734,16.06666666666682,12.116666666666477,26.334443941844327
68899,68927,short,1.30999,1.3135599999999998,1.3134599999999998,1.3065200000000001,221654.25523703496,-813.4711167198852,False,SL,0.003530000000000033,14.233395629598212,0.0007554606454853658,68897,H,2025-11-06 18:25:00+00:00,2025-11-06 16:05:00+00:00,H,19.599999999999618,21.533333333333037,20.433333333332858,15.102615239259213
68997,69102,short,1.31355,1.30996,1.31714,1.30996,211979.26309339434,739.8076281959425,True,TP,0.0001500000000000945,16.551370867020456,0.0004675235592984284,68995,H,2025-11-07 09:00:00+00:00,2025-11-07 00:15:00+00:00,H,5.399999999999849,4.299999999999304,9.366666666666598,16.934437432686476
69228,69648,short,1.31631,1.3123500000000003,1.3202699999999998,1.3123500000000003,194041.32090588167,748.9994986966531,True,TP,0.002809999999999979,23.467764589613566,0.0005183136985272629,69226,H,2025-11-11 07:00:00+00:00,2025-11-07 19:30:00+00:00,H,8.699999999999264,9.899999999998984,12.183333333332472,26.925476124468695
69649,70326,short,1.31241,1.31917,1.31907,1.3057500000000002,116500.54441054366,-799.1937346563153,False,SL,0.006699999999999928,23.87516529516319,0.0007477582892779285,69647,H,2025-11-13 15:30:00+00:00,2025-11-11 07:05:00+00:00,H,3.2999999999994145,6.033333333332891,8.733333333332446,16.77025777177989
70362,70414,short,1.32026,1.31626,1.32426,1.31626,191975.42210691096,748.7041462169534,True,TP,4.0000000000040004e-05,28.762197193930543,0.0006465290528635435,70360,H,2025-11-13 22:50:00+00:00,2025-11-13 18:30:00+00:00,H,6.6000000000010495,8.63333333333364,11.500000000000213,31.7675918883342
70414,70527,short,1.3174,1.3117999999999999,1.323,1.3117999999999999,138462.27319460845,761.5425025703533,True,TP,9.999999999998899e-05,23.777538244589334,0.0009708076559722183,70412,H,2025-11-14 08:15:00+00:00,2025-11-13 22:50:00+00:00,H,13.600000000000279,14.60000000000017,12.733333333333485,19.359640986279917
70539,71410,short,1.31591,1.31062,1.3212,1.31062,148015.90830160968,768.2025640853567,True,TP,0.0034000000000000696,23.995320791469286,0.0014993688424415031,70537,H,2025-11-19 10:45:00+00:00,2025-11-14 09:15:00+00:00,H,23.999999999999577,53.26666666666702,45.600000000000456,24.670684215745112
71443,71470,short,1.31159,1.3072800000000002,1.3158999999999998,1.3072800000000002,183453.87019870194,772.3407935365011,True,TP,0.0006299999999999084,18.61999335345027,0.0006783758460616191,71441,H,2025-11-19 15:45:00+00:00,2025-11-19 13:30:00+00:00,H,10.999999999998789,13.799999999999367,12.466666666666924,18.65827780499932
71475,71517,short,1.3081,1.3047400000000002,1.3114599999999998,1.3047400000000002,237621.9013368399,774.6473983580522,True,TP,0.00042999999999993044,37.93844186099602,0.0007911443101080772,71473,H,2025-11-19 19:40:00+00:00,2025-11-19 16:10:00+00:00,H,14.600000000000168,25.933333333332993,17.70000000000012,37.83150613959608
71534,71692,short,1.30487,1.3084999999999998,1.3083999999999998,1.3013400000000002,228372.82223098015,-851.8306269215103,False,SL,0.003630000000000022,34.568256259323725,0.0004940716438109448,71532,H,2025-11-20 10:15:00+00:00,2025-11-19 21:05:00+00:00,H,5.999999999999339,22.999999999999687,20.149999999999523,33.59763070083394
71723,71733,short,1.30577,1.30954,1.30944,1.3021000000000003,217339.9880670671,-841.1057538195125,False,SL,0.0038799999999998835,25.50987167886834,0.0005317081561586616,71721,H,2025-11-20 13:40:00+00:00,2025-11-20 12:50:00+00:00,H,4.100000000000215,8.99999999999975,7.800000000000029,28.50800210044458
71881,71980,short,1.30845,1.3052,1.3116999999999999,1.3052,242838.98420551154,764.9428002473553,True,TP,0.0018500000000001293,14.458512659934533,0.0005029683020320968,71879,H,2025-11-21 10:15:00+00:00,2025-11-21 02:00:00+00:00,H,6.999999999999229,7.399999999999629,11.51666666666699,15.807830927232079
72004,72010,short,1.30449,1.3082699999999998,1.3081699999999998,1.30081,216542.4257256523,-840.1846118155081,False,SL,0.003929999999999989,31.881023899714464,0.0007254780080107557,72002,H,2025-11-21 12:45:00+00:00,2025-11-21 12:15:00+00:00,H,11.099999999999444,18.96666666666732,25.183333333334,32.17200752679039
72050,72295,short,1.30759,1.3118699999999999,1.3117699999999999,1.3034100000000002,188630.21065843376,-826.2003226839096,False,SL,0.004210000000000047,13.251260032863836,0.0008617633746358309,72048,H,2025-11-24 13:10:00+00:00,2025-11-21 16:05:00+00:00,H,12.699999999998823,21.03333333333346,18.466666666667,14.572632841952517
72318,72517,short,1.30845,1.3124999999999998,1.3123999999999998,1.3045,197522.09552541922,-819.7166964304674,False,SL,0.004350000000000076,32.20853155702202,0.000710428185770844,72316,H,2025-11-25 07:40:00+00:00,2025-11-24 15:05:00+00:00,H,10.999999999998789,19.333333333333425,17.366666666667196,32.74214173389095
72623,72858,short,1.31799,1.31438,1.3215999999999999,1.31438,213854.60120806217,750.6296502402749,True,TP,0.003430000000000044,41.11601663978424,0.0007367897973844613,72621,H,2025-11-26 12:05:00+00:00,2025-11-25 16:30:00+00:00,H,14.000000000000679,20.033333333334312,19.45000000000086,43.40429537460332
72912,73054,short,1.32263,1.3264999999999998,1.3263999999999998,1.3188600000000001,206769.60394257805,-820.8753276519972,False,SL,0.003770000000000051,38.74633699835616,0.001011879977542633,72910,H,2025-11-27 04:25:00+00:00,2025-11-26 16:35:00+00:00,H,11.999999999998678,20.533333333333143,25.933333333332996,39.56353615382478
73110,73195,short,1.32124,1.3256,1.3255,1.31698,181059.30835375033,-807.5245152577119,False,SL,0.0043599999999999195,46.33526119132924,0.0006642653831562663,73108,H,2025-11-27 16:10:00+00:00,2025-11-27 09:05:00+00:00,H,5.999999999999339,12.966666666665757,18.983333333332983,45.322100130716905
73316,73728,short,1.32311,1.3268,1.3267,1.31952,212600.94942462133,-805.7575983193087,False,SL,0.003889999999999949,19.062001352590613,0.0004530000519434882,73314,H,2025-12-01 12:55:00+00:00,2025-11-28 02:15:00+00:00,H,10.000000000001119,10.400000000000778,10.35000000000045,19.29344442900809
73736,73769,short,1.32625,1.3228,1.3296999999999999,1.3228,218892.70505832,733.2905619453617,True,TP,0.0011700000000001154,42.91382776207999,0.000693963962869894,73734,H,2025-12-01 16:20:00+00:00,2025-12-01 13:35:00+00:00,H,8.999999999999009,28.066666666665498,25.166666666665375,42.95941761364962
73775,73983,short,1.32277,1.3191400000000002,1.3263999999999998,1.3191400000000002,210058.6055291155,741.5068775177357,True,TP,0.00045000000000006146,25.41735868565965,0.0007935945485000594,73773,H,2025-12-02 10:10:00+00:00,2025-12-01 16:50:00+00:00,H,11.999999999998678,23.133333333333155,21.966666666666615,24.90220973141103
74006,74189,short,1.3198,1.3233,1.3232,1.3164000000000002,226449.35495466445,-815.217677836755,False,SL,0.0033999999999998476,16.62960157148586,0.0006213097917399572,74004,H,2025-12-03 03:20:00+00:00,2025-12-02 12:05:00+00:00,H,22.500000000000853,27.93333333333351,22.749999999999897,18.744577324419613
74315,74343,short,1.3305,1.3344999999999998,1.3343999999999998,1.3266000000000002,195327.0846326917,-800.8410469939932,False,SL,0.0042199999999998905,28.8839094460602,0.0007824896077089263,74313,H,2025-12-03 16:10:00+00:00,2025-12-03 13:50:00+00:00,H,20.000000000000018,17.4333333333343,15.383333333334193,31.308500324274558
74448,74613,short,1.33394,1.3375,1.3374,1.3304799999999999,217851.79757153557,-797.3375791118218,False,SL,0.003489999999999993,32.15156669295238,0.000413013654653038,74446,H,2025-12-04 14:40:00+00:00,2025-12-04 00:55:00+00:00,H,8.00000000000134,8.900000000000574,6.9333333333336045,30.567053965827984
74618,75187,short,1.3356,1.33104,1.3401599999999998,1.33104,163551.28153649467,729.4387156527495,True,TP,0.002890000000000059,19.78589789666761,0.0008689002409608759,74616,H,2025-12-08 15:15:00+00:00,2025-12-04 15:05:00+00:00,H,53.099999999999255,52.89999999999943,35.53333333333334,22.51129463504571
75191,75399,short,1.33099,1.33513,1.33503,1.3269499999999999,186407.9779611184,-790.369826555148,False,SL,0.004130000000000189,26.163531033298245,0.0008007653272644274,75189,H,2025-12-09 08:55:00+00:00,2025-12-08 15:35:00+00:00,H,11.900000000000244,19.299999999999873,20.266666666666953,24.152171139788067
75411,75453,short,1.33469,1.3312599999999999,1.33812,1.3312599999999999,217254.96580098115,723.4590361172768,True,TP,0.00016000000000016001,39.23613896616796,0.0006414015609256592,75409,H,2025-12-09 13:25:00+00:00,2025-12-09 09:55:00+00:00,H,25.900000000000922,27.533333333333854,18.31666666666639,40.886819086266755
75473,75794,short,1.32897,1.3347499999999999,1.33465,1.32329,132468.15546805633,-778.9127541521574,False,SL,0.005780000000000118,20.140725028158734,0.000864198461149179,75471,H,2025-12-10 17:50:00+00:00,2025-12-09 15:05:00+00:00,H,16.599999999999948,18.000000000000238,16.40000000000049,17.193211317923634
75803,75821,short,1.33364,1.3376499999999998,1.3375499999999998,1.32973,190442.45409643304,-782.7184863363107,False,SL,0.004670000000000174,22.479606788992264,0.0005414482740225114,75801,H,2025-12-10 20:05:00+00:00,2025-12-10 18:35:00+00:00,H,7.499999999998064,9.166666666666027,10.016666666666415,24.343183544791483
75894,76037,short,1.33782,1.3417999999999999,1.3417,1.3339400000000001,189897.63161177453,-774.7823369760159,False,SL,0.004129999999999967,22.121473374073545,0.0005180595325575524,75892,H,2025-12-11 14:05:00+00:00,2025-12-11 02:10:00+00:00,H,5.999999999999339,11.066666666666633,9.566666666666427,22.717401708652005
76116,76341,short,1.33916,1.33582,1.3424999999999998,1.33582,218279.9363125524,707.2269936526476,True,TP,0.0008400000000001739,39.40730403849653,0.0005206888929716644,76114,H,2025-12-12 15:25:00+00:00,2025-12-11 20:40:00+00:00,H,12.999999999998568,26.33333333333265,17.833333333333588,41.531611010535904
76344,76614,short,1.33604,1.3398199999999998,1.3397199999999998,1.33236,200034.58076642614,-776.1341733737123,False,SL,0.003710000000000102,16.4073171913649,0.0006641586605755426,76342,H,2025-12-15 14:40:00+00:00,2025-12-12 15:40:00+00:00,H,10.199999999997988,12.19999999999925,10.3166666666669,16.032052801595746
76626,76659,short,1.33934,1.33596,1.34272,1.33596,215492.87440435076,706.8166280462573,True,TP,0.000220000000000109,16.43671963015553,0.0008259559535099345,76624,H,2025-12-15 18:25:00+00:00,2025-12-15 15:40:00+00:00,H,16.499999999999293,19.599999999999614,16.183333333332772,16.95039787342679
76667,76835,short,1.33626,1.3398999999999999,1.3397999999999999,1.3327200000000001,207749.7406121979,-776.9840298895923,False,SL,0.003889999999999949,31.792945121071053,0.0005447668096066796,76665,H,2025-12-16 09:05:00+00:00,2025-12-15 19:05:00+00:00,H,9.999999999998899,9.733333333332705,13.066666666666043,35.6068210577796
76845,76888,short,1.34104,1.3444699999999998,1.3443699999999998,1.3377100000000002,218517.79023071934,-771.3677995144004,False,SL,0.0045200000000000795,59.21751199073041,0.0007462672459330042,76843,H,2025-12-16 13:30:00+00:00,2025-12-16 09:55:00+00:00,H,37.39999999999854,34.1666666666655,23.59999999999918,57.83442706729258
77016,77079,short,1.34232,1.3389900000000001,1.3456499999999998,1.3389900000000001,216201.3704123577,698.3304264318792,True,TP,0.000280000000000058,13.705538088425493,0.00043300619102884047,77014,H,2025-12-17 05:25:00+00:00,2025-12-17 00:10:00+00:00,H,8.499999999997954,8.833333333331991,10.499999999998844,15.388045552278328
77098,77464,short,1.33465,1.3416,1.3415,1.3277999999999999,106121.73251641334,-748.1582142407153,False,SL,0.009120000000000017,52.67838746772109,0.0007688905331424792,77096,H,2025-12-18 13:30:00+00:00,2025-12-17 07:00:00+00:00,H,4.999999999999449,7.23333333333261,17.949999999999168,49.95436608776609
77482,77509,short,1.34116,1.3370199999999999,1.3453,1.3370199999999999,173780.745312807,702.0742110637459,True,TP,0.000140000000000029,43.29544724421562,0.000985785293264521,77480,H,2025-12-18 17:15:00+00:00,2025-12-18 15:00:00+00:00,H,14.000000000000679,24.266666666667252,46.28333333333382,48.210223372575335
77545,77971,short,1.33853,1.3420999999999998,1.3419999999999999,1.3350600000000001,209358.22124083372,-768.3446719538287,False,SL,0.003670000000000062,18.500087173202612,0.0005308778865783864,77543,H,2025-12-22 08:20:00+00:00,2025-12-18 20:15:00+00:00,H,11.999999999998678,11.399999999998448,10.699999999999413,19.20224894756055
78023,78075,short,1.34322,1.3466699999999998,1.3465699999999998,1.3398700000000003,214564.0540257257,-761.7023917912686,False,SL,0.003769999999999829,22.418792623978295,0.0006039646828780485,78021,H,2025-12-22 17:00:00+00:00,2025-12-22 12:40:00+00:00,H,6.699999999999484,9.40000000000015,9.950000000000422,22.296697116093952
78277,78348,short,1.35067,1.3473700000000002,1.35397,1.3473700000000002,215506.83547522532,689.6218735206905,True,TP,0.0012300000000000644,20.831214821446977,0.0007420095476320728,78275,H,2025-12-23 15:45:00+00:00,2025-12-23 09:50:00+00:00,H,14.400000000001079,18.43333333333419,14.049999999999898,22.894464109629546
78353,78418,short,1.34812,1.3516,1.3515,1.34474,212446.38337379674,-760.5580524781769,False,SL,0.003470000000000084,30.685471575394466,0.0007859679610381356,78351,H,2025-12-23 21:35:00+00:00,2025-12-23 16:10:00+00:00,H,14.600000000000168,19.39999999999979,20.23333333333303,28.505629596855044
78449,78797,short,1.35126,1.34772,1.3547999999999998,1.34772,200695.81787532853,690.3936134911053,True,TP,0.0022400000000000198,39.864979722296894,0.0007773876749041075,78447,H,2025-12-26 08:00:00+00:00,2025-12-24 00:10:00+00:00,H,21.599999999999397,31.966666666666626,27.1500000000006,42.35927360736202
78902,79343,short,1.34869,1.3520199999999998,1.3519199999999998,1.34546,222095.08712494856,-761.7861488385365,False,SL,0.003230000000000066,37.25351150684232,0.0006121495432670617,78900,H,2025-12-30 06:10:00+00:00,2025-12-26 16:45:00+00:00,H,8.299999999998864,25.533333333332592,23.899999999999665,35.3381963863476
79364,79445,short,1.35055,1.34743,1.35367,1.34743,227483.74036062858,687.000895889101,True,TP,0.0025500000000000522,28.74486745585075,0.0005026865406948428,79362,H,2025-12-30 14:40:00+00:00,2025-12-30 07:55:00+00:00,H,7.699999999999374,12.900000000000134,10.850000000000398,28.213992084486293
79451,79739,short,1.34614,1.3413799999999998,1.3509,1.3413799999999998,150550.26867311768,701.564252016743,True,TP,0.0022100000000000453,43.96667898934208,0.0007153668635902119,79449,H,2025-12-31 15:10:00+00:00,2025-12-30 15:10:00+00:00,H,0.9999999999998899,9.999999999998899,13.999999999999568,43.24765695164489
79754,79836,short,1.34582,1.3491199999999999,1.3490199999999999,1.3426200000000001,226135.91293882867,-768.8621039919856,False,SL,0.0032799999999999496,33.67880914023075,0.0009620292861540943,79752,H,2026-01-02 02:05:00+00:00,2025-12-31 16:25:00+00:00,H,18.199999999999328,22.066666666666162,17.06666666666634,35.40276290690252
79855,79910,short,1.34857,1.3452400000000002,1.3518999999999999,1.3452400000000002,214998.8889982998,694.4464114644725,True,TP,0.00032999999999994145,23.532647680297927,0.0003945662385176635,79853,H,2026-01-02 08:15:00+00:00,2026-01-02 03:40:00+00:00,H,4.999999999999449,4.333333333332856,9.333333333333416,23.8198169807226
79925,80000,short,1.34605,1.3495199999999998,1.3494199999999998,1.34268,214507.64524598644,-765.792293528142,False,SL,0.0033799999999999386,16.894947367591563,0.0006617385102755504,79923,H,2026-01-02 15:45:00+00:00,2026-01-02 09:30:00+00:00,H,15.199999999999658,18.40000000000064,16.366666666667307,18.893612989140113
80079,80280,short,1.3449,1.34875,1.34865,1.34115,190728.7577449816,-753.3785930926599,False,SL,0.0042200000000001125,22.32521496620237,0.000798546902149525,80077,H,2026-01-05 15:25:00+00:00,2026-01-04 22:30:00+00:00,H,28.200000000000447,25.29999999999995,17.63333333333339,25.080346091087264
80363,80538,short,1.3541,1.3508000000000002,1.3574,1.3508000000000002,214454.25927659683,686.2536296850795,True,TP,0.0026999999999999247,15.649767863056883,0.00044660329004802423,80361,H,2026-01-06 12:55:00+00:00,2026-01-05 22:20:00+00:00,H,4.999999999999449,7.333333333332526,6.83333333333258,17.69744559366654
80548,80829,short,1.35167,1.34794,1.3554,1.34794,191571.47236181976,695.4044446734079,True,TP,0.0017900000000001803,25.405774213754825,0.0006493194777179048,80546,H,2026-01-07 13:10:00+00:00,2026-01-06 13:45:00+00:00,H,4.999999999999449,12.133333333332885,10.816666666666842,28.54805543324903
